Gene	neg.pval	neg.fdr	pos.pval	pos.fdr	lfc
enhancer_mutagenesis_0_GtoA	0.938634856593226	0.999999449729043	0.505713953204225	0.999998990089494	0.26891
enhancer_mutagenesis_0_GtoC	0.995328865470153	0.999999449729043	0.0955887403898605	0.437502311784362	0.4519
enhancer_mutagenesis_0_GtoT	0.947275541038877	0.999999449729043	0.196975414808132	0.683022034394291	0.45504
enhancer_mutagenesis_1_GtoA	0.835897500744447	0.999999449729043	0.259316996338614	0.796821474664896	-0.067741
enhancer_mutagenesis_1_GtoC	0.984708391949073	0.999999449729043	0.292686341041695	0.849504258145407	0.62328
enhancer_mutagenesis_1_GtoT	0.99520403560539	0.999999449729043	0.0949318490412028	0.436020317175209	0.39228
enhancer_mutagenesis_10_CtoA	0.903601172818384	0.999999449729043	0.00336502587601967	0.0762529649695059	1.0626
enhancer_mutagenesis_10_CtoG	0.994330340609814	0.999999449729043	0.0991209361426155	0.448959534293023	0.52351
enhancer_mutagenesis_10_CtoT	0.914743927722325	0.999999449729043	0.607758093145107	0.999998990089494	0.088055
enhancer_mutagenesis_100_GtoA	0.339680926426995	0.999999449729043	0.686837673704878	0.999998990089494	-0.65949
enhancer_mutagenesis_100_GtoC	0.204824570488845	0.960893826689865	0.863365007535667	0.999998990089494	-1.4298
enhancer_mutagenesis_100_GtoT	0.70774459301721	0.999999449729043	0.161763773344065	0.594799941874666	-0.35287
enhancer_mutagenesis_102_GtoA	0.759723167604114	0.999999449729043	0.310215906407493	0.86767654163976	0.045531
enhancer_mutagenesis_102_GtoC	0.000105035885238745	0.0096477697825564	0.999998990089494	0.999998990089494	-2.5017
enhancer_mutagenesis_102_GtoT	0.19849897784171	0.951230998585547	0.130364931594413	0.526690418077426	-0.58195
enhancer_mutagenesis_103_TtoA	0.179170586170251	0.900323598068553	0.158035622350478	0.588559282690672	0.35178
enhancer_mutagenesis_103_TtoC	0.168605692911591	0.875812904846318	0.00227885145417053	0.0634684373087068	-1.26
enhancer_mutagenesis_103_TtoG	0.00378598464940755	0.0842644524330514	0.773033896316461	0.999998990089494	-1.7212
enhancer_mutagenesis_104_CtoA	0.00115847378764017	0.0399063733689732	0.997971924301012	0.999998990089494	-2.3067
enhancer_mutagenesis_104_CtoG	0.0410019691217594	0.401011718472644	0.915930127285752	0.999998990089494	-1.2778
enhancer_mutagenesis_104_CtoT	0.00119256983887517	0.0405473745217557	0.999977441334297	0.999998990089494	-1.9598
enhancer_mutagenesis_105_TtoA	0.0695004520147242	0.541524355281393	0.06889404157783	0.360729201701518	-1.9844
enhancer_mutagenesis_105_TtoC	0.0494830189724476	0.448257936573937	0.614200771966414	0.999998990089494	-1.0117
enhancer_mutagenesis_105_TtoG	0.399361424266302	0.999999449729043	0.22198231661184	0.736564898466157	0.024691
enhancer_mutagenesis_106_CtoA	0.3382237725206	0.999999449729043	0.103219634686797	0.458015260355993	1.2988
enhancer_mutagenesis_106_CtoG	0.301482647005567	0.999999449729043	0.616735178939477	0.999998990089494	0.2861
enhancer_mutagenesis_106_CtoT	0.956932817386015	0.999999449729043	0.0543734422573366	0.30945580832545	0.8664
enhancer_mutagenesis_107_TtoA	0.860593661414776	0.999999449729043	0.287478216357488	0.839038985979827	-0.13558
enhancer_mutagenesis_107_TtoC	0.116996678988981	0.7025167559476	0.889806148715089	0.999998990089494	-0.79018
enhancer_mutagenesis_107_TtoG	0.0612686754831925	0.502825681551718	0.979352428580724	0.999998990089494	-0.77928
enhancer_mutagenesis_108_CtoA	0.0272593555914565	0.309431308479553	0.900173958121172	0.999998990089494	-1.4592
enhancer_mutagenesis_108_CtoG	0.00326913411310756	0.0744225487662226	0.878720215566264	0.999998990089494	-1.981
enhancer_mutagenesis_108_CtoT	0.763915683186358	0.999999449729043	0.181968001520577	0.647272048887053	0.92846
enhancer_mutagenesis_109_GtoA	0.00628861127651197	0.116763009375236	0.999738472893039	0.999998990089494	-1.8307
enhancer_mutagenesis_109_GtoC	0.82020192908148	0.999999449729043	0.690332816880643	0.999998990089494	0.034306
enhancer_mutagenesis_109_GtoT	0.206848774160683	0.96529427941652	0.187660218556584	0.659142938631567	-0.22329
enhancer_mutagenesis_11_TtoA	0.994054944129578	0.999999449729043	0.135034289183466	0.53972483829361	0.58171
enhancer_mutagenesis_11_TtoC	0.897250441504556	0.999999449729043	0.732743444618046	0.999998990089494	0.1505
enhancer_mutagenesis_11_TtoG	0.814848943933666	0.999999449729043	0.616820817658503	0.999998990089494	0.067917
enhancer_mutagenesis_110_TtoA	0.574538946647157	0.999999449729043	0.945640973260404	0.999998990089494	-0.050997
enhancer_mutagenesis_110_TtoC	0.11216321401596	0.690074388872992	0.928415741268809	0.999998990089494	-0.70461
enhancer_mutagenesis_110_TtoG	0.595266877051609	0.999999449729043	0.694641350447748	0.999998990089494	-0.12332
enhancer_mutagenesis_111_GtoA	0.545032516785404	0.999999449729043	0.765804359191473	0.999998990089494	0.082857
enhancer_mutagenesis_111_GtoC	0.283342784825412	0.999999449729043	0.812512423972779	0.999998990089494	-0.51792
enhancer_mutagenesis_111_GtoT	0.794089324795148	0.999999449729043	0.519538545987637	0.999998990089494	0.053325
enhancer_mutagenesis_112_TtoA	0.266316973231344	0.999999449729043	0.905057920615306	0.999998990089494	0.038173
enhancer_mutagenesis_112_TtoC	0.564834235114284	0.999999449729043	0.273976434253048	0.820675406034873	-0.020949
enhancer_mutagenesis_112_TtoG	0.725543098172105	0.999999449729043	0.731979977493758	0.999998990089494	0.051989
enhancer_mutagenesis_113_GtoA	0.548713782342096	0.999999449729043	0.946756296520332	0.999998990089494	-0.18602
enhancer_mutagenesis_113_GtoC	0.369913292368921	0.999999449729043	0.918065357263837	0.999998990089494	-0.67066
enhancer_mutagenesis_113_GtoT	0.888602800798754	0.999999449729043	0.694171624817861	0.999998990089494	-0.16875
enhancer_mutagenesis_114_GtoA	0.00531506602283118	0.101568195969139	0.999886491693874	0.999998990089494	-1.0923
enhancer_mutagenesis_114_GtoC	0.475159184390047	0.999999449729043	0.830883047968973	0.999998990089494	-0.42543
enhancer_mutagenesis_114_GtoT	0.55584877577402	0.999999449729043	0.406939931158959	0.990119646630256	-0.20548
enhancer_mutagenesis_115_GtoA	0.427017473811458	0.999999449729043	0.94784571876283	0.999998990089494	-0.41767
enhancer_mutagenesis_115_GtoC	0.322550144013812	0.999999449729043	0.967993622560467	0.999998990089494	0.04884
enhancer_mutagenesis_115_GtoT	0.63776608257324	0.999999449729043	0.625726031964724	0.999998990089494	0.21373
enhancer_mutagenesis_116_TtoA	0.175894537554293	0.897645027908655	0.965972382823229	0.999998990089494	-0.45054
enhancer_mutagenesis_116_TtoC	0.909216701174205	0.999999449729043	0.271354901387411	0.818441396120094	0.57791
enhancer_mutagenesis_116_TtoG	0.141864278992984	0.793591201717165	0.991049870096988	0.999998990089494	-0.60668
enhancer_mutagenesis_117_GtoA	0.747124168491303	0.999999449729043	0.101965983072306	0.455609864897592	-0.37398
enhancer_mutagenesis_117_GtoC	0.0948356293680387	0.623818285642023	0.978316580287071	0.999998990089494	-0.58494
enhancer_mutagenesis_117_GtoT	0.342131774926088	0.999999449729043	0.967527990429066	0.999998990089494	-0.31987
enhancer_mutagenesis_118_GtoA	0.0643823361167619	0.523456384949325	0.736659750443448	0.999998990089494	-1.3515
enhancer_mutagenesis_118_GtoC	0.00974343705943648	0.166721034128135	0.999745053499625	0.999998990089494	-0.90329
enhancer_mutagenesis_118_GtoT	0.133738624838618	0.766143807062366	0.889896811467685	0.999998990089494	-0.80861
enhancer_mutagenesis_119_TtoA	0.0129540735520122	0.197173049762605	0.999039598936772	0.999998990089494	-1.2765
enhancer_mutagenesis_119_TtoC	0.106497317332757	0.675084689533067	0.992077498612337	0.999998990089494	-0.49431
enhancer_mutagenesis_119_TtoG	0.815480321841804	0.999999449729043	0.322911730316186	0.888007258369512	0.69009
enhancer_mutagenesis_12_GtoA	0.914376443737909	0.999999449729043	0.334895101777858	0.904804310066495	0.44368
enhancer_mutagenesis_12_GtoC	0.874165846192022	0.999999449729043	0.390052020253292	0.96652499165138	0.24521
enhancer_mutagenesis_12_GtoT	0.0787075663983429	0.570793376262775	0.864958032827754	0.999998990089494	-1.1228
enhancer_mutagenesis_120_CtoA	0.0204776799753797	0.262796893017373	0.987303476071859	0.999998990089494	-1.0139
enhancer_mutagenesis_120_CtoG	0.244345266034188	0.999999449729043	0.155138252770062	0.581879578441292	0.030024
enhancer_mutagenesis_120_CtoT	0.0713973094953523	0.54806888029426	0.95262444924581	0.999998990089494	-1.0882
enhancer_mutagenesis_121_CtoA	0.760299242832821	0.999999449729043	0.770217038957865	0.999998990089494	-0.086839
enhancer_mutagenesis_121_CtoG	0.0753582549223057	0.563509545856907	0.804398606549168	0.999998990089494	-0.82959
enhancer_mutagenesis_121_CtoT	0.696504198070986	0.999999449729043	0.0572745490666318	0.319863315242124	0.74553
enhancer_mutagenesis_122_TtoA	0.27404956870195	0.999999449729043	0.776194215258502	0.999998990089494	-0.84091
enhancer_mutagenesis_122_TtoC	0.346537326651546	0.999999449729043	0.987433666321984	0.999998990089494	-0.30791
enhancer_mutagenesis_122_TtoG	0.468017276350882	0.999999449729043	0.726748558857045	0.999998990089494	-0.5171
enhancer_mutagenesis_123_CtoA	0.783338215196989	0.999999449729043	0.577571067195689	0.999998990089494	-0.35051
enhancer_mutagenesis_123_CtoG	0.441291176729389	0.999999449729043	0.91985922051235	0.999998990089494	-0.37829
enhancer_mutagenesis_123_CtoT	0.0341608166237978	0.365032726208582	0.263429414719057	0.804875206281976	-0.86887
enhancer_mutagenesis_124_CtoA	0.291056705054816	0.999999449729043	0.884037382015318	0.999998990089494	0.21966
enhancer_mutagenesis_124_CtoG	0.959643276716167	0.999999449729043	0.0531569720007663	0.307207401099351	0.7929
enhancer_mutagenesis_124_CtoT	0.081566704913383	0.586652839184716	0.833166925549137	0.999998990089494	-0.71214
enhancer_mutagenesis_125_CtoA	0.0913255663608898	0.619405007079817	0.824897960727934	0.999998990089494	-1.0852
enhancer_mutagenesis_125_CtoG	0.412636349747099	0.999999449729043	0.500798757830457	0.999998990089494	-0.70869
enhancer_mutagenesis_125_CtoT	0.143477651097427	0.797504226269774	0.891041571336449	0.999998990089494	-0.64517
enhancer_mutagenesis_126_TtoA	0.433198864089646	0.999999449729043	0.682203518342181	0.999998990089494	0.2115
enhancer_mutagenesis_126_TtoC	0.0786845564257952	0.570793376262775	0.979936050555094	0.999998990089494	-0.70306
enhancer_mutagenesis_126_TtoG	0.254617997997568	0.999999449729043	0.982767903739445	0.999998990089494	-0.34134
enhancer_mutagenesis_127_GtoA	0.0195648350903404	0.257390644555332	0.9992125269715	0.999998990089494	-0.85063
enhancer_mutagenesis_127_GtoC	0.810672760146666	0.999999449729043	0.00159922388690306	0.0543736121547042	0.48333
enhancer_mutagenesis_127_GtoT	0.00605893850192141	0.11330214998593	0.960731275446347	0.999998990089494	-0.90453
enhancer_mutagenesis_128_AtoC	0.549742177042547	0.999999449729043	0.844296567848617	0.999998990089494	-0.060455
enhancer_mutagenesis_128_AtoG	0.0116026405500542	0.185217761951475	0.998300821200688	0.999998990089494	-1.0238
enhancer_mutagenesis_128_AtoT	0.256301542348803	0.999999449729043	0.936402041099098	0.999998990089494	-0.40057
enhancer_mutagenesis_129_AtoC	0.0578751258835701	0.485631665266624	0.995297653130591	0.999998990089494	-0.68057
enhancer_mutagenesis_129_AtoG	0.0176782658855965	0.242312565908333	0.996260287044096	0.999998990089494	-1.463
enhancer_mutagenesis_129_AtoT	0.461262223914333	0.999999449729043	0.798827437034153	0.999998990089494	0.28143
enhancer_mutagenesis_13_GtoA	0.551643824396125	0.999999449729043	0.480447491855861	0.999998990089494	-0.17669
enhancer_mutagenesis_13_GtoC	0.434761717044224	0.999999449729043	0.950672171986794	0.999998990089494	-0.32416
enhancer_mutagenesis_13_GtoT	0.35131880083251	0.999999449729043	0.789780189158809	0.999998990089494	-0.55339
enhancer_mutagenesis_130_GtoA	0.0107345135076322	0.17744427662427	0.999663165216086	0.999998990089494	-1.5611
enhancer_mutagenesis_130_GtoC	0.973914848460535	0.999999449729043	0.404901489970211	0.986198538005443	0.44048
enhancer_mutagenesis_130_GtoT	0.797473652571747	0.999999449729043	0.0232082877078704	0.188326214631315	0.25086
enhancer_mutagenesis_131_TtoA	0.135916282992127	0.772006554396282	0.446546014058067	0.999998990089494	-1.3177
enhancer_mutagenesis_131_TtoC	0.0762917932742141	0.564214448564668	0.994779281915439	0.999998990089494	-1.053
enhancer_mutagenesis_131_TtoG	0.999450292800273	0.999999449729043	0.00104023697332358	0.0454631016603581	1.445
enhancer_mutagenesis_132_AtoC	0.208989998239257	0.96996292836356	0.933189763727521	0.999998990089494	-0.603
enhancer_mutagenesis_132_AtoG	0.42916189202457	0.999999449729043	0.334358598447685	0.904804310066495	-0.7529
enhancer_mutagenesis_132_AtoT	0.785876986357226	0.999999449729043	0.322383336423361	0.887486408786918	0.50338
enhancer_mutagenesis_133_TtoA	0.430205047898658	0.999999449729043	0.833032073353796	0.999998990089494	0.041499
enhancer_mutagenesis_133_TtoC	0.69400704380429	0.999999449729043	0.424768900104875	0.999998990089494	-0.3882
enhancer_mutagenesis_133_TtoG	0.838133216379817	0.999999449729043	0.217469816830232	0.726193852629523	0.61285
enhancer_mutagenesis_134_GtoA	0.748973819173736	0.999999449729043	0.691465224483977	0.999998990089494	-0.29768
enhancer_mutagenesis_134_GtoC	0.38830565499064	0.999999449729043	0.586434161970222	0.999998990089494	-0.73245
enhancer_mutagenesis_134_GtoT	0.258166587280032	0.999999449729043	0.893636656728425	0.999998990089494	-0.94221
enhancer_mutagenesis_135_CtoA	0.0332927055156388	0.36455137520151	0.996828132587299	0.999998990089494	-0.41116
enhancer_mutagenesis_135_CtoG	0.436749797258922	0.999999449729043	0.568316161861267	0.999998990089494	0.37103
enhancer_mutagenesis_135_CtoT	0.322600458143323	0.999999449729043	0.218121975695289	0.727443735503526	-0.86641
enhancer_mutagenesis_136_AtoC	0.458637329916894	0.999999449729043	0.64518773279727	0.999998990089494	-0.40532
enhancer_mutagenesis_136_AtoG	0.398827969664984	0.999999449729043	0.916682488999127	0.999998990089494	-0.17934
enhancer_mutagenesis_136_AtoT	0.624230468246739	0.999999449729043	0.82083955507952	0.999998990089494	-0.28414
enhancer_mutagenesis_137_GtoA	0.461500659367833	0.999999449729043	0.869604014933985	0.999998990089494	-0.67151
enhancer_mutagenesis_137_GtoC	0.592937381191599	0.999999449729043	0.937864669583578	0.999998990089494	-0.27434
enhancer_mutagenesis_137_GtoT	0.4661518242735	0.999999449729043	0.971016424617578	0.999998990089494	-0.23968
enhancer_mutagenesis_138_CtoA	0.388939166255124	0.999999449729043	0.960102361506523	0.999998990089494	-0.29841
enhancer_mutagenesis_138_CtoG	0.464405067386537	0.999999449729043	0.980604965017251	0.999998990089494	-0.31839
enhancer_mutagenesis_138_CtoT	0.754591128155349	0.999999449729043	0.505609601828105	0.999998990089494	0.38122
enhancer_mutagenesis_139_TtoA	0.0634406171852806	0.517406653554718	0.996881519450305	0.999998990089494	-0.71796
enhancer_mutagenesis_139_TtoC	0.881824076675477	0.999999449729043	0.759093573182037	0.999998990089494	0.24347
enhancer_mutagenesis_139_TtoG	0.866493686368217	0.999999449729043	0.686213360868642	0.999998990089494	-0.00184
enhancer_mutagenesis_14_GtoA	0.450200274701041	0.999999449729043	0.770858568557477	0.999998990089494	0.07677
enhancer_mutagenesis_14_GtoC	0.566873250109365	0.999999449729043	0.844555419631497	0.999998990089494	-0.30674
enhancer_mutagenesis_14_GtoT	0.584192662507558	0.999999449729043	0.672917931731789	0.999998990089494	-0.11363
enhancer_mutagenesis_140_GtoA	0.276031291998517	0.999999449729043	0.720458778797442	0.999998990089494	-0.53196
enhancer_mutagenesis_140_GtoC	0.909743276687783	0.999999449729043	0.305032418232497	0.861372250023374	0.30215
enhancer_mutagenesis_140_GtoT	0.296789875523249	0.999999449729043	0.989737537247169	0.999998990089494	-0.46543
enhancer_mutagenesis_141_CtoA	0.703690796510006	0.999999449729043	0.45614675544899	0.999998990089494	0.4421
enhancer_mutagenesis_141_CtoG	0.206582033164492	0.96529427941652	0.968530161977727	0.999998990089494	-0.6075
enhancer_mutagenesis_141_CtoT	0.997147764452016	0.999999449729043	0.0454684529736665	0.282076800675495	0.47652
enhancer_mutagenesis_142_TtoA	0.773694454161681	0.999999449729043	0.924786180843229	0.999998990089494	-0.42693
enhancer_mutagenesis_142_TtoC	0.363102128450378	0.999999449729043	0.953549474619201	0.999998990089494	-0.27998
enhancer_mutagenesis_142_TtoG	0.521718084678242	0.999999449729043	0.977675984687642	0.999998990089494	-0.23974
enhancer_mutagenesis_143_GtoA	0.585411659888445	0.999999449729043	0.659356924799612	0.999998990089494	-0.43222
enhancer_mutagenesis_143_GtoC	0.973207425462289	0.999999449729043	0.454634809097007	0.999998990089494	0.21285
enhancer_mutagenesis_143_GtoT	0.0811976988511673	0.585607646259934	0.987822074653536	0.999998990089494	-0.73221
enhancer_mutagenesis_144_TtoA	0.320068539796135	0.999999449729043	0.933390532810217	0.999998990089494	0.17409
enhancer_mutagenesis_144_TtoC	0.247292620169336	0.999999449729043	0.919542218587664	0.999998990089494	-0.56724
enhancer_mutagenesis_144_TtoG	0.794707086170323	0.999999449729043	0.899101722198864	0.999998990089494	0.012573
enhancer_mutagenesis_145_GtoA	0.825623646184266	0.999999449729043	0.33033766208553	0.89898544629929	0.38694
enhancer_mutagenesis_145_GtoC	0.556980158197102	0.999999449729043	0.963672189499219	0.999998990089494	-0.59561
enhancer_mutagenesis_145_GtoT	0.0904003828886037	0.616323443756157	0.979474225344074	0.999998990089494	-0.36492
enhancer_mutagenesis_146_CtoA	0.161633258921522	0.853494146645824	0.771193707460148	0.999998990089494	-0.32814
enhancer_mutagenesis_146_CtoG	0.23204937183174	0.999999449729043	0.846090044609101	0.999998990089494	-0.59768
enhancer_mutagenesis_146_CtoT	0.330359417810774	0.999999449729043	0.982656104086273	0.999998990089494	-0.26148
enhancer_mutagenesis_147_AtoC	0.750517415211928	0.999999449729043	0.921444433673856	0.999998990089494	-0.011255
enhancer_mutagenesis_147_AtoG	0.735387482056145	0.999999449729043	0.210619606371637	0.709655250297226	0.72306
enhancer_mutagenesis_147_AtoT	0.0529118201695578	0.460209784730573	0.98068531870309	0.999998990089494	-0.51519
enhancer_mutagenesis_148_GtoA	0.36324294435915	0.999999449729043	0.805617831523069	0.999998990089494	-0.66094
enhancer_mutagenesis_148_GtoC	0.242441962776677	0.999999449729043	0.983414740653976	0.999998990089494	-0.85464
enhancer_mutagenesis_148_GtoT	0.0744650451589735	0.561814087107183	0.983527030040157	0.999998990089494	-0.75387
enhancer_mutagenesis_149_GtoA	0.346967487682755	0.999999449729043	0.941595776139202	0.999998990089494	-0.80513
enhancer_mutagenesis_149_GtoC	0.29470673749472	0.999999449729043	0.990812769468614	0.999998990089494	-0.34306
enhancer_mutagenesis_149_GtoT	0.408790157880189	0.999999449729043	0.97062146852626	0.999998990089494	-0.2436
enhancer_mutagenesis_15_CtoA	0.605249280482087	0.999999449729043	0.778211122684127	0.999998990089494	-0.024945
enhancer_mutagenesis_15_CtoG	0.788593912458557	0.999999449729043	0.579569712080829	0.999998990089494	0.19092
enhancer_mutagenesis_15_CtoT	0.330070738302356	0.999999449729043	0.826906105733469	0.999998990089494	-0.51191
enhancer_mutagenesis_150_CtoA	0.804634231684506	0.999999449729043	0.382235582885765	0.959436966438095	0.24307
enhancer_mutagenesis_150_CtoG	0.220352476875412	0.983102064359032	0.961408836356958	0.999998990089494	-0.36772
enhancer_mutagenesis_150_CtoT	0.408536198482225	0.999999449729043	0.832563902879015	0.999998990089494	-0.19081
enhancer_mutagenesis_151_CtoA	0.139333094905898	0.785955727890046	0.984685935313604	0.999998990089494	-0.33114
enhancer_mutagenesis_151_CtoG	0.65568091481349	0.999999449729043	0.700678153939381	0.999998990089494	0.10643
enhancer_mutagenesis_151_CtoT	0.0930486991838335	0.620414993719096	0.995096506439891	0.999998990089494	-0.78596
enhancer_mutagenesis_152_GtoA	0.560012990050611	0.999999449729043	0.97697555078917	0.999998990089494	-0.28412
enhancer_mutagenesis_152_GtoC	0.357859682813233	0.999999449729043	0.975364344035045	0.999998990089494	-0.32885
enhancer_mutagenesis_152_GtoT	0.478860343993045	0.999999449729043	0.673977237143158	0.999998990089494	-0.30734
enhancer_mutagenesis_153_AtoC	0.887460576745485	0.999999449729043	0.568478620173119	0.999998990089494	0.20265
enhancer_mutagenesis_153_AtoG	0.0676380073766819	0.53933679836464	0.982077989007854	0.999998990089494	-0.84822
enhancer_mutagenesis_153_AtoT	0.770048913056323	0.999999449729043	0.745101950916076	0.999998990089494	-0.18396
enhancer_mutagenesis_154_GtoA	0.248387652528576	0.999999449729043	0.849409577082937	0.999998990089494	-0.63934
enhancer_mutagenesis_154_GtoC	0.839692499585013	0.999999449729043	0.87361364048912	0.999998990089494	-0.03241
enhancer_mutagenesis_154_GtoT	0.727386539521912	0.999999449729043	0.422160696127624	0.999998990089494	-0.03585
enhancer_mutagenesis_155_GtoA	0.256816317601446	0.999999449729043	0.686761829741442	0.999998990089494	-0.69119
enhancer_mutagenesis_155_GtoC	0.252553560076017	0.999999449729043	0.377822030558976	0.954168652605724	-0.50422
enhancer_mutagenesis_155_GtoT	0.22080367220898	0.983102064359032	0.938919801437126	0.999998990089494	-0.5082
enhancer_mutagenesis_156_CtoA	0.366814859005181	0.999999449729043	0.926161075846959	0.999998990089494	-0.35893
enhancer_mutagenesis_156_CtoG	0.785952022206103	0.999999449729043	0.949411533299187	0.999998990089494	-0.1526
enhancer_mutagenesis_156_CtoT	0.071596469465484	0.54806888029426	0.994430697506173	0.999998990089494	-0.56948
enhancer_mutagenesis_157_CtoA	0.252399449115673	0.999999449729043	0.875199058004349	0.999998990089494	-0.57781
enhancer_mutagenesis_157_CtoG	0.276353668569853	0.999999449729043	0.840940690419994	0.999998990089494	-0.31903
enhancer_mutagenesis_157_CtoT	0.709942016425569	0.999999449729043	0.836783805855727	0.999998990089494	-0.0096905
enhancer_mutagenesis_158_CtoA	0.392173632697289	0.999999449729043	0.965172676600694	0.999998990089494	0.0061191
enhancer_mutagenesis_158_CtoG	0.606951829865373	0.999999449729043	0.860505223889029	0.999998990089494	-0.19936
enhancer_mutagenesis_158_CtoT	0.890262152383812	0.999999449729043	0.6581112898342	0.999998990089494	0.1271
enhancer_mutagenesis_159_AtoC	0.809049003203049	0.999999449729043	0.47875683637639	0.999998990089494	0.32822
enhancer_mutagenesis_159_AtoG	0.791237519143034	0.999999449729043	0.297602926606608	0.857122620303741	0.20483
enhancer_mutagenesis_159_AtoT	0.31982558108669	0.999999449729043	0.969055156645312	0.999998990089494	-0.31287
enhancer_mutagenesis_16_AtoC	0.966917149327049	0.999999449729043	0.0168859684179202	0.163731353030056	0.61812
enhancer_mutagenesis_16_AtoG	0.985639342068929	0.999999449729043	0.283198599142738	0.835866891269095	0.28706
enhancer_mutagenesis_16_AtoT	0.477213974948268	0.999999449729043	0.940058378149261	0.999998990089494	-0.32482
enhancer_mutagenesis_160_GtoA	0.703908211694796	0.999999449729043	0.757755931146634	0.999998990089494	-0.20125
enhancer_mutagenesis_160_GtoC	0.156854988617979	0.844951358440062	0.968337668892377	0.999998990089494	-0.75
enhancer_mutagenesis_160_GtoT	0.427623187893158	0.999999449729043	0.775920739839808	0.999998990089494	-0.33106
enhancer_mutagenesis_161_CtoA	0.704280705994886	0.999999449729043	0.736888665027684	0.999998990089494	-0.11207
enhancer_mutagenesis_161_CtoG	0.670747174571197	0.999999449729043	0.420681802297463	0.999998990089494	0.38199
enhancer_mutagenesis_161_CtoT	0.758788721833311	0.999999449729043	0.794036213880359	0.999998990089494	0.006499
enhancer_mutagenesis_162_AtoC	0.900988411797293	0.999999449729043	0.351734125343216	0.920671036538984	0.28596
enhancer_mutagenesis_162_AtoG	0.922997851087471	0.999999449729043	0.698530059956491	0.999998990089494	0.088905
enhancer_mutagenesis_162_AtoT	0.509720524381662	0.999999449729043	0.82018606243303	0.999998990089494	0.093401
enhancer_mutagenesis_163_AtoC	0.844199156475743	0.999999449729043	0.453274372506483	0.999998990089494	-0.040684
enhancer_mutagenesis_163_AtoG	0.808299992720439	0.999999449729043	0.285394238095673	0.837285602978758	0.23281
enhancer_mutagenesis_163_AtoT	0.417390458628448	0.999999449729043	0.31251580454383	0.871735062518061	0.13179
enhancer_mutagenesis_164_GtoA	0.762280970078497	0.999999449729043	0.58729994810081	0.999998990089494	0.13943
enhancer_mutagenesis_164_GtoC	0.95805574998665	0.999999449729043	0.0509669502827389	0.296352694582856	0.75685
enhancer_mutagenesis_164_GtoT	0.992266336303335	0.999999449729043	0.0379293144284358	0.249494837119711	0.82591
enhancer_mutagenesis_165_AtoC	0.841423540183677	0.999999449729043	0.829819557127493	0.999998990089494	0.085121
enhancer_mutagenesis_165_AtoG	0.918445878096136	0.999999449729043	0.715902430620323	0.999998990089494	-0.029489
enhancer_mutagenesis_165_AtoT	0.396265423056322	0.999999449729043	0.0919714147619678	0.429224299715789	0.77977
enhancer_mutagenesis_166_GtoA	0.717027004540822	0.999999449729043	0.680894780609389	0.999998990089494	0.16061
enhancer_mutagenesis_166_GtoC	0.897372107562434	0.999999449729043	0.771577682598935	0.999998990089494	0.22738
enhancer_mutagenesis_166_GtoT	0.184717089317048	0.921122552061012	0.703166598425079	0.999998990089494	-0.61709
enhancer_mutagenesis_167_CtoA	0.397043488662913	0.999999449729043	0.772676864159381	0.999998990089494	0.09602
enhancer_mutagenesis_167_CtoG	0.983496622376961	0.999999449729043	0.367869176906688	0.940124258122247	0.36926
enhancer_mutagenesis_167_CtoT	0.889374658745914	0.999999449729043	0.459014608739029	0.999998990089494	0.40701
enhancer_mutagenesis_168_TtoA	0.986717445900408	0.999999449729043	0.304323397179025	0.861372250023374	0.3408
enhancer_mutagenesis_168_TtoC	0.980905394402152	0.999999449729043	0.382861836893417	0.960088399412803	0.36552
enhancer_mutagenesis_168_TtoG	0.975109826458839	0.999999449729043	0.142358647288358	0.552607192170428	0.66674
enhancer_mutagenesis_169_TtoA	0.816620635348028	0.999999449729043	0.77840211435709	0.999998990089494	-0.079661
enhancer_mutagenesis_169_TtoC	0.591984111575298	0.999999449729043	0.864378740742689	0.999998990089494	0.21207
enhancer_mutagenesis_169_TtoG	0.454600194520586	0.999999449729043	0.928150957685445	0.999998990089494	-0.3152
enhancer_mutagenesis_17_CtoA	0.953688007089709	0.999999449729043	0.436592537206056	0.999998990089494	0.40279
enhancer_mutagenesis_17_CtoG	0.752191022930626	0.999999449729043	0.848781540451258	0.999998990089494	0.34625
enhancer_mutagenesis_17_CtoT	0.879031579115666	0.999999449729043	0.479101658544629	0.999998990089494	0.73545
enhancer_mutagenesis_170_GtoA	0.689912867727377	0.999999449729043	0.306844516420383	0.862856008580625	0.12036
enhancer_mutagenesis_170_GtoC	0.692393084566413	0.999999449729043	0.112023920185302	0.481869659428904	0.76821
enhancer_mutagenesis_170_GtoT	0.897677217550531	0.999999449729043	0.227704621175521	0.748907912358687	0.53534
enhancer_mutagenesis_171_TtoA	0.820305557005023	0.999999449729043	0.654960612196906	0.999998990089494	0.27325
enhancer_mutagenesis_171_TtoC	0.708839930835973	0.999999449729043	0.696974941336798	0.999998990089494	-0.035487
enhancer_mutagenesis_171_TtoG	0.956927103929052	0.999999449729043	0.249027613480229	0.781620062087938	0.47596
enhancer_mutagenesis_172_CtoA	0.950905927014147	0.999999449729043	0.0453686008210049	0.282076800675495	1.0678
enhancer_mutagenesis_172_CtoG	0.953216933224532	0.999999449729043	0.582720249459492	0.999998990089494	0.17251
enhancer_mutagenesis_172_CtoT	0.14098306645174	0.790350466746586	0.98980438376128	0.999998990089494	-0.50709
enhancer_mutagenesis_173_CtoA	0.848195562130399	0.999999449729043	0.791346522619778	0.999998990089494	0.035714
enhancer_mutagenesis_173_CtoG	0.989529014708845	0.999999449729043	0.153233478978502	0.578047907731584	0.28112
enhancer_mutagenesis_173_CtoT	0.934220844610374	0.999999449729043	0.461312206260668	0.999998990089494	0.24922
enhancer_mutagenesis_174_GtoA	0.625196637878752	0.999999449729043	0.481600540027158	0.999998990089494	-0.039432
enhancer_mutagenesis_174_GtoC	0.745015439692849	0.999999449729043	0.795695585685693	0.999998990089494	-0.085508
enhancer_mutagenesis_174_GtoT	0.953229487773895	0.999999449729043	0.133078361834844	0.533752310421984	0.62153
enhancer_mutagenesis_175_AtoC	0.74290071290886	0.999999449729043	0.207002097321356	0.703807130892609	-0.16969
enhancer_mutagenesis_175_AtoG	0.924186271875691	0.999999449729043	0.142690016007337	0.552607192170428	0.63557
enhancer_mutagenesis_175_AtoT	0.660797192877774	0.999999449729043	0.640115793508508	0.999998990089494	0.044857
enhancer_mutagenesis_176_GtoA	0.859775532244659	0.999999449729043	0.0199575986762739	0.179071395581325	1.1891
enhancer_mutagenesis_176_GtoC	0.9662929070636	0.999999449729043	0.050078601225584	0.295499154195442	0.44056
enhancer_mutagenesis_176_GtoT	0.805712682456733	0.999999449729043	0.132700051877488	0.533740454107718	0.72455
enhancer_mutagenesis_177_GtoA	0.805576964805075	0.999999449729043	0.187823006959186	0.659142938631567	0.50516
enhancer_mutagenesis_177_GtoC	0.914089310111141	0.999999449729043	0.314838175966927	0.873665280476747	0.092338
enhancer_mutagenesis_177_GtoT	0.515507797815705	0.999999449729043	0.728328153926311	0.999998990089494	-0.2043
enhancer_mutagenesis_178_CtoA	0.202018500845517	0.951230998585547	0.937529255912917	0.999998990089494	-0.37787
enhancer_mutagenesis_178_CtoG	0.212823867187213	0.96996292836356	0.701167827746832	0.999998990089494	-0.5191
enhancer_mutagenesis_178_CtoT	0.886182542438619	0.999999449729043	0.612632712165446	0.999998990089494	-0.1969
enhancer_mutagenesis_179_CtoA	0.413568002340079	0.999999449729043	0.969133323662052	0.999998990089494	-0.27896
enhancer_mutagenesis_179_CtoG	0.72883119145735	0.999999449729043	0.895585102389247	0.999998990089494	0.08344
enhancer_mutagenesis_179_CtoT	0.923250911830882	0.999999449729043	0.379230707212443	0.954640376425169	0.22583
enhancer_mutagenesis_18_AtoC	0.91234787089042	0.999999449729043	0.715621272063967	0.999998990089494	-0.11315
enhancer_mutagenesis_18_AtoG	0.507067190613489	0.999999449729043	0.817291444127389	0.999998990089494	0.21184
enhancer_mutagenesis_18_AtoT	0.76706704586904	0.999999449729043	0.78975561907679	0.999998990089494	-0.083982
enhancer_mutagenesis_180_TtoA	0.869329289749006	0.999999449729043	0.726679468416155	0.999998990089494	0.010432
enhancer_mutagenesis_180_TtoC	0.63845817916411	0.999999449729043	0.761325999397517	0.999998990089494	-0.22773
enhancer_mutagenesis_180_TtoG	0.759867704739404	0.999999449729043	0.0930568314788754	0.431490392339211	0.70143
enhancer_mutagenesis_181_GtoA	0.4549082985656	0.999999449729043	0.691770129491752	0.999998990089494	-0.82621
enhancer_mutagenesis_181_GtoC	0.814262412482486	0.999999449729043	0.461914880129076	0.999998990089494	-0.15062
enhancer_mutagenesis_181_GtoT	0.472789825399099	0.999999449729043	0.577178935554738	0.999998990089494	-0.087115
enhancer_mutagenesis_182_AtoC	0.074016906653155	0.560046998895837	0.362933535712296	0.933107099805799	-1.0193
enhancer_mutagenesis_182_AtoG	0.685401821662078	0.999999449729043	0.61788667169827	0.999998990089494	-0.14791
enhancer_mutagenesis_182_AtoT	0.670260915838005	0.999999449729043	0.244235801518991	0.776925064856282	0.50461
enhancer_mutagenesis_183_TtoA	0.236388294240521	0.999999449729043	0.564625921458998	0.999998990089494	-0.40507
enhancer_mutagenesis_183_TtoC	0.461386612237939	0.999999449729043	0.921184096012579	0.999998990089494	-0.29306
enhancer_mutagenesis_183_TtoG	0.497600480620817	0.999999449729043	0.687245917429171	0.999998990089494	-0.24618
enhancer_mutagenesis_184_AtoC	0.931979556622634	0.999999449729043	0.45220603807252	0.999998990089494	0.12202
enhancer_mutagenesis_184_AtoG	0.148940355052076	0.81404143951218	0.970399950265776	0.999998990089494	-0.43544
enhancer_mutagenesis_184_AtoT	0.957972838330533	0.999999449729043	0.697415884294151	0.999998990089494	0.069295
enhancer_mutagenesis_185_GtoA	0.0608525808876223	0.50165321976869	0.993906606267838	0.999998990089494	-0.41755
enhancer_mutagenesis_185_GtoC	0.816831083989938	0.999999449729043	0.141274978805078	0.551979965055907	0.74905
enhancer_mutagenesis_185_GtoT	0.97669598202947	0.999999449729043	0.449003753650787	0.999998990089494	0.24486
enhancer_mutagenesis_186_AtoC	0.84508864952396	0.999999449729043	0.573030932822326	0.999998990089494	-0.063313
enhancer_mutagenesis_186_AtoG	0.779267811568304	0.999999449729043	0.89446074317539	0.999998990089494	0.017501
enhancer_mutagenesis_186_AtoT	0.256630013557519	0.999999449729043	0.970340021266822	0.999998990089494	-0.63987
enhancer_mutagenesis_187_TtoA	0.29718027069259	0.999999449729043	0.975421288596979	0.999998990089494	-0.51097
enhancer_mutagenesis_187_TtoC	0.842845958739062	0.999999449729043	0.0780870508445157	0.387672989318762	0.55008
enhancer_mutagenesis_187_TtoG	0.582070235193388	0.999999449729043	0.910955321103777	0.999998990089494	0.059757
enhancer_mutagenesis_188_GtoA	0.273810652825014	0.999999449729043	0.966216058801945	0.999998990089494	-0.3155
enhancer_mutagenesis_188_GtoC	0.42746788852893	0.999999449729043	0.921597231235032	0.999998990089494	-0.21751
enhancer_mutagenesis_188_GtoT	0.802555280338722	0.999999449729043	0.41332893859583	0.997594043295762	0.32785
enhancer_mutagenesis_189_GtoA	0.499760423343	0.999999449729043	0.944814878881399	0.999998990089494	-0.31447
enhancer_mutagenesis_189_GtoC	0.478796423064104	0.999999449729043	0.651868781200774	0.999998990089494	-0.08032
enhancer_mutagenesis_189_GtoT	0.234883507339874	0.999999449729043	0.975135832186096	0.999998990089494	-0.30277
enhancer_mutagenesis_19_CtoA	0.775933775389459	0.999999449729043	0.482954455160217	0.999998990089494	0.47475
enhancer_mutagenesis_19_CtoG	0.243898943489158	0.999999449729043	0.985993731396234	0.999998990089494	-0.28201
enhancer_mutagenesis_19_CtoT	0.712910329943672	0.999999449729043	0.662958120436366	0.999998990089494	0.22632
enhancer_mutagenesis_190_AtoC	0.749689508829781	0.999999449729043	0.84105115726123	0.999998990089494	0.03254
enhancer_mutagenesis_190_AtoG	0.931423356024521	0.999999449729043	0.732429837680891	0.999998990089494	0.12863
enhancer_mutagenesis_190_AtoT	0.543741414260912	0.999999449729043	0.841672162349458	0.999998990089494	-0.118
enhancer_mutagenesis_191_AtoC	0.522280276638969	0.999999449729043	0.836602683833051	0.999998990089494	-0.52611
enhancer_mutagenesis_191_AtoG	0.323216474713499	0.999999449729043	0.840797377712831	0.999998990089494	-0.52774
enhancer_mutagenesis_191_AtoT	0.92360748421044	0.999999449729043	0.469231665768159	0.999998990089494	0.2248
enhancer_mutagenesis_192_CtoA	0.987419400923963	0.999999449729043	0.271992452274947	0.8194202992587	0.26196
enhancer_mutagenesis_192_CtoG	0.588575989571175	0.999999449729043	0.856910707314317	0.999998990089494	-0.11759
enhancer_mutagenesis_192_CtoT	0.703000204120124	0.999999449729043	0.328490004352249	0.896507191915369	0.12555
enhancer_mutagenesis_193_AtoC	0.844157354541576	0.999999449729043	0.832384845980235	0.999998990089494	-0.059524
enhancer_mutagenesis_193_AtoG	0.570461995104842	0.999999449729043	0.899925032373748	0.999998990089494	-0.12424
enhancer_mutagenesis_193_AtoT	0.709033838106356	0.999999449729043	0.748676038381497	0.999998990089494	0.15579
enhancer_mutagenesis_194_GtoA	0.661125467399018	0.999999449729043	0.751329098705132	0.999998990089494	0.08979
enhancer_mutagenesis_194_GtoC	0.172808203896936	0.888824907273436	0.718082022365114	0.999998990089494	-0.6032
enhancer_mutagenesis_194_GtoT	0.113157035390038	0.692161492175515	0.991079495466458	0.999998990089494	-0.41966
enhancer_mutagenesis_195_CtoA	0.710336036688731	0.999999449729043	0.556249134726591	0.999998990089494	-0.14303
enhancer_mutagenesis_195_CtoG	0.654327547309406	0.999999449729043	0.809446543352154	0.999998990089494	-0.26242
enhancer_mutagenesis_195_CtoT	0.775957901042806	0.999999449729043	0.609003632407405	0.999998990089494	-0.017959
enhancer_mutagenesis_196_CtoA	0.956268440535388	0.999999449729043	0.0731611972983828	0.371193826603035	1.0137
enhancer_mutagenesis_196_CtoG	0.768918757375684	0.999999449729043	0.814789688508931	0.999998990089494	0.25529
enhancer_mutagenesis_196_CtoT	0.433972650413867	0.999999449729043	0.924080081723985	0.999998990089494	-0.0024027
enhancer_mutagenesis_197_CtoA	0.509774190581607	0.999999449729043	0.600591549830669	0.999998990089494	0.039902
enhancer_mutagenesis_197_CtoG	0.205171752910479	0.960893826689865	0.814782095879873	0.999998990089494	-0.72961
enhancer_mutagenesis_197_CtoT	0.476684733505387	0.999999449729043	0.859194949912776	0.999998990089494	0.03292
enhancer_mutagenesis_198_AtoC	0.918519809519843	0.999999449729043	0.450476360095102	0.999998990089494	0.2929
enhancer_mutagenesis_198_AtoG	0.871677096417491	0.999999449729043	0.650813080165317	0.999998990089494	-0.03816
enhancer_mutagenesis_198_AtoT	0.635191375005698	0.999999449729043	0.430041342235376	0.999998990089494	0.48457
enhancer_mutagenesis_199_CtoA	0.55647998341754	0.999999449729043	0.922591657017532	0.999998990089494	-0.23141
enhancer_mutagenesis_199_CtoG	0.379667379297091	0.999999449729043	0.79982303983643	0.999998990089494	-0.42844
enhancer_mutagenesis_199_CtoT	0.747117199133443	0.999999449729043	0.374104148285313	0.947199864807496	0.36587
enhancer_mutagenesis_2_CtoA	0.994240564287176	0.999999449729043	0.0919766356533833	0.429224299715789	0.5985
enhancer_mutagenesis_2_CtoG	0.993880567750351	0.999999449729043	0.0779825206564824	0.387672989318762	0.94976
enhancer_mutagenesis_2_CtoT	0.956778084278242	0.999999449729043	0.627914179412333	0.999998990089494	0.28431
enhancer_mutagenesis_20_CtoA	0.237014900905031	0.999999449729043	0.990538669583411	0.999998990089494	-0.57507
enhancer_mutagenesis_20_CtoG	0.851506985588077	0.999999449729043	0.617090704301361	0.999998990089494	0.062856
enhancer_mutagenesis_20_CtoT	0.50590090591465	0.999999449729043	0.90636862853028	0.999998990089494	-0.2386
enhancer_mutagenesis_200_AtoC	0.765951411938299	0.999999449729043	0.225835778489685	0.744745589306554	0.78723
enhancer_mutagenesis_200_AtoG	0.771326153322747	0.999999449729043	0.0435891638904808	0.277655550037174	1.0594
enhancer_mutagenesis_200_AtoT	0.553631202008783	0.999999449729043	0.311759539316058	0.87106347271018	0.49509
enhancer_mutagenesis_201_GtoA	0.405648579230618	0.999999449729043	0.968418619235227	0.999998990089494	-0.35595
enhancer_mutagenesis_201_GtoC	0.93681289844825	0.999999449729043	0.427460681097253	0.999998990089494	0.58748
enhancer_mutagenesis_201_GtoT	0.107600845529295	0.678655582024836	0.963592608654545	0.999998990089494	-0.18126
enhancer_mutagenesis_202_CtoA	0.530060945989172	0.999999449729043	0.920470841524804	0.999998990089494	-0.32608
enhancer_mutagenesis_202_CtoG	0.916373668432233	0.999999449729043	0.784220765679119	0.999998990089494	0.072926
enhancer_mutagenesis_202_CtoT	0.432595416102192	0.999999449729043	0.823426323786184	0.999998990089494	-0.43341
enhancer_mutagenesis_203_AtoC	0.632621436608125	0.999999449729043	0.760733022227553	0.999998990089494	0.090039
enhancer_mutagenesis_203_AtoG	0.309927886939103	0.999999449729043	0.985845494958082	0.999998990089494	-0.47705
enhancer_mutagenesis_203_AtoT	0.825774996943088	0.999999449729043	0.526390779821232	0.999998990089494	0.25429
enhancer_mutagenesis_204_TtoA	0.720313900773394	0.999999449729043	0.966162252236397	0.999998990089494	-0.16205
enhancer_mutagenesis_204_TtoC	0.539616655935877	0.999999449729043	0.914291056939775	0.999998990089494	0.089184
enhancer_mutagenesis_204_TtoG	0.546916221169577	0.999999449729043	0.667138378604114	0.999998990089494	0.27392
enhancer_mutagenesis_205_TtoA	0.546051187345744	0.999999449729043	0.979391251125681	0.999998990089494	-0.37147
enhancer_mutagenesis_205_TtoC	0.328640013785147	0.999999449729043	0.961468725176533	0.999998990089494	-0.54986
enhancer_mutagenesis_205_TtoG	0.218883417783674	0.982910442122914	0.980528808602135	0.999998990089494	-0.50153
enhancer_mutagenesis_206_TtoA	0.0149050172766176	0.215587487459586	0.999608329571386	0.999998990089494	-1.2275
enhancer_mutagenesis_206_TtoC	0.718734347993473	0.999999449729043	0.889731707960548	0.999998990089494	-0.12678
enhancer_mutagenesis_206_TtoG	0.14317021945589	0.797488584118129	0.933505936078678	0.999998990089494	-0.41864
enhancer_mutagenesis_207_TtoA	0.734342320394301	0.999999449729043	0.811588356964947	0.999998990089494	0.14218
enhancer_mutagenesis_207_TtoC	0.337654806910155	0.999999449729043	0.933393624209837	0.999998990089494	-0.04732
enhancer_mutagenesis_207_TtoG	0.0836612432341631	0.591959823748754	0.988677887241456	0.999998990089494	-0.63938
enhancer_mutagenesis_208_TtoA	0.250335098894428	0.999999449729043	0.87771372609892	0.999998990089494	-0.064209
enhancer_mutagenesis_208_TtoC	0.190903888378875	0.935929550142125	0.979235585467168	0.999998990089494	-0.77564
enhancer_mutagenesis_208_TtoG	0.8743724122705	0.999999449729043	0.446748184309945	0.999998990089494	0.0029161
enhancer_mutagenesis_209_CtoA	0.0354998431307277	0.373331247263527	0.937452114481778	0.999998990089494	-0.91024
enhancer_mutagenesis_209_CtoG	0.114058395379746	0.692818745021286	0.963440755288916	0.999998990089494	-0.58692
enhancer_mutagenesis_209_CtoT	0.490684508551111	0.999999449729043	0.944697193672841	0.999998990089494	-0.30024
enhancer_mutagenesis_21_TtoA	0.658084720732788	0.999999449729043	0.280121433540899	0.829624668713811	-0.1062
enhancer_mutagenesis_21_TtoC	0.597562637602971	0.999999449729043	0.858222716243535	0.999998990089494	0.2593
enhancer_mutagenesis_21_TtoG	0.0585830590915964	0.490001433552074	0.930484276123235	0.999998990089494	-0.89181
enhancer_mutagenesis_210_TtoA	0.842651297276535	0.999999449729043	0.466066257904981	0.999998990089494	0.34496
enhancer_mutagenesis_210_TtoC	0.429236936401374	0.999999449729043	0.395525730485986	0.972287664236913	-0.4903
enhancer_mutagenesis_210_TtoG	0.542766336308478	0.999999449729043	0.661097845321268	0.999998990089494	-0.40506
enhancer_mutagenesis_211_TtoA	0.913360307992201	0.999999449729043	0.483319228896588	0.999998990089494	-0.17606
enhancer_mutagenesis_211_TtoC	0.64664830642935	0.999999449729043	0.641628074046971	0.999998990089494	0.41248
enhancer_mutagenesis_211_TtoG	0.842445932014501	0.999999449729043	0.877167061710928	0.999998990089494	0.060536
enhancer_mutagenesis_212_GtoA	0.889653988922827	0.999999449729043	0.639804066944765	0.999998990089494	0.20409
enhancer_mutagenesis_212_GtoC	0.72721668625777	0.999999449729043	0.795257203439964	0.999998990089494	-0.08604
enhancer_mutagenesis_212_GtoT	0.930206904894055	0.999999449729043	0.479143929511692	0.999998990089494	0.37868
enhancer_mutagenesis_213_CtoA	0.79349805045438	0.999999449729043	0.903022657002332	0.999998990089494	-0.088378
enhancer_mutagenesis_213_CtoG	0.669600529459127	0.999999449729043	0.560824891763402	0.999998990089494	0.25132
enhancer_mutagenesis_213_CtoT	0.896357458047805	0.999999449729043	0.838001027082342	0.999998990089494	-0.033102
enhancer_mutagenesis_214_CtoA	0.855320539674634	0.999999449729043	0.811730296948864	0.999998990089494	0.049376
enhancer_mutagenesis_214_CtoG	0.673204195739163	0.999999449729043	0.881970157062627	0.999998990089494	0.036294
enhancer_mutagenesis_214_CtoT	0.982419315240281	0.999999449729043	0.143871701160247	0.555539990615821	0.48242
enhancer_mutagenesis_215_TtoA	0.947702937724808	0.999999449729043	0.247964747415388	0.781620062087938	0.37911
enhancer_mutagenesis_215_TtoC	0.976548706914246	0.999999449729043	0.619357512782262	0.999998990089494	0.29816
enhancer_mutagenesis_215_TtoG	0.823658612613895	0.999999449729043	0.783740421578064	0.999998990089494	-0.011108
enhancer_mutagenesis_216_GtoA	0.157954517615474	0.847387145732195	0.974226764630471	0.999998990089494	-0.52277
enhancer_mutagenesis_216_GtoC	0.618691068082512	0.999999449729043	0.677965600160177	0.999998990089494	-0.29957
enhancer_mutagenesis_216_GtoT	0.435600134892414	0.999999449729043	0.958513519110464	0.999998990089494	-0.45056
enhancer_mutagenesis_217_GtoA	0.726893123107222	0.999999449729043	0.757309178207835	0.999998990089494	-0.12
enhancer_mutagenesis_217_GtoC	0.801968438466942	0.999999449729043	0.851264972359656	0.999998990089494	0.014051
enhancer_mutagenesis_217_GtoT	0.517280896587691	0.999999449729043	0.611506489107533	0.999998990089494	-0.37423
enhancer_mutagenesis_218_TtoA	0.948872588312728	0.999999449729043	0.616128181526799	0.999998990089494	0.21026
enhancer_mutagenesis_218_TtoC	0.687853219527782	0.999999449729043	0.569810291600188	0.999998990089494	-0.013422
enhancer_mutagenesis_218_TtoG	0.575542697464174	0.999999449729043	0.806760294131828	0.999998990089494	-0.23551
enhancer_mutagenesis_219_TtoA	0.601303139185528	0.999999449729043	0.876257784077623	0.999998990089494	-0.1413
enhancer_mutagenesis_219_TtoC	0.973755803068428	0.999999449729043	0.461366181028296	0.999998990089494	0.13049
enhancer_mutagenesis_219_TtoG	0.765929583371957	0.999999449729043	0.490404175274823	0.999998990089494	0.25701
enhancer_mutagenesis_22_GtoA	0.957137791827044	0.999999449729043	0.651133541057881	0.999998990089494	0.10135
enhancer_mutagenesis_22_GtoC	0.68177510235566	0.999999449729043	0.863677667987159	0.999998990089494	-0.20309
enhancer_mutagenesis_22_GtoT	0.398686577458407	0.999999449729043	0.772876992973603	0.999998990089494	0.090344
enhancer_mutagenesis_220_GtoA	0.756660217941773	0.999999449729043	0.369647001446101	0.941695867409068	0.31822
enhancer_mutagenesis_220_GtoC	0.201739437208478	0.951230998585547	0.959225836977329	0.999998990089494	-0.52717
enhancer_mutagenesis_220_GtoT	0.6337301385261	0.999999449729043	0.885119577633168	0.999998990089494	0.16064
enhancer_mutagenesis_221_CtoA	0.773323558087008	0.999999449729043	0.210524464714741	0.709655250297226	-0.023495
enhancer_mutagenesis_221_CtoG	0.75864004913128	0.999999449729043	0.764252926603105	0.999998990089494	-0.22398
enhancer_mutagenesis_221_CtoT	0.932745035154048	0.999999449729043	0.463442346085109	0.999998990089494	-0.072233
enhancer_mutagenesis_222_TtoA	0.763674595905121	0.999999449729043	0.75282540957758	0.999998990089494	0.28617
enhancer_mutagenesis_222_TtoC	0.912905848632515	0.999999449729043	0.269843524687641	0.815762526134232	0.3534
enhancer_mutagenesis_222_TtoG	0.494311137859064	0.999999449729043	0.500927974929604	0.999998990089494	0.56295
enhancer_mutagenesis_223_GtoA	0.823117606049852	0.999999449729043	0.716920321348513	0.999998990089494	0.054259
enhancer_mutagenesis_223_GtoC	0.572187487828366	0.999999449729043	0.677095052213063	0.999998990089494	-0.4257
enhancer_mutagenesis_223_GtoT	0.199201857899288	0.951230998585547	0.816830976728426	0.999998990089494	-0.78512
enhancer_mutagenesis_224_GtoA	0.570574376189354	0.999999449729043	0.630882980324021	0.999998990089494	-0.29297
enhancer_mutagenesis_224_GtoC	0.677659381030412	0.999999449729043	0.549249151030148	0.999998990089494	0.0026263
enhancer_mutagenesis_224_GtoT	0.737501130911451	0.999999449729043	0.487709456791881	0.999998990089494	0.44055
enhancer_mutagenesis_225_CtoA	0.862086779941603	0.999999449729043	0.705633406810385	0.999998990089494	0.068241
enhancer_mutagenesis_225_CtoG	0.92250070623026	0.999999449729043	0.413441381579794	0.997594043295762	0.088592
enhancer_mutagenesis_225_CtoT	0.948480009698721	0.999999449729043	0.23665835305671	0.757838991601227	0.66995
enhancer_mutagenesis_226_AtoC	0.980643627004808	0.999999449729043	0.0945716371504319	0.435129254938191	0.53941
enhancer_mutagenesis_226_AtoG	0.561193295838831	0.999999449729043	0.896727665778743	0.999998990089494	-0.13341
enhancer_mutagenesis_226_AtoT	0.954822372788631	0.999999449729043	0.631246101640878	0.999998990089494	0.090457
enhancer_mutagenesis_227_GtoA	0.290732025969859	0.999999449729043	0.981732289939804	0.999998990089494	-0.38623
enhancer_mutagenesis_227_GtoC	0.74002838440322	0.999999449729043	0.261320023706443	0.800158856214583	0.52951
enhancer_mutagenesis_227_GtoT	0.761116219789073	0.999999449729043	0.352875970974322	0.920671036538984	0.42582
enhancer_mutagenesis_228_CtoA	0.477053258902881	0.999999449729043	0.775266180654543	0.999998990089494	-0.45641
enhancer_mutagenesis_228_CtoG	0.930866170679145	0.999999449729043	0.209805781926511	0.709655250297226	0.64421
enhancer_mutagenesis_228_CtoT	0.89805618499163	0.999999449729043	0.434536722132539	0.999998990089494	0.44002
enhancer_mutagenesis_229_TtoA	0.413068184296277	0.999999449729043	0.841276808494364	0.999998990089494	0.10274
enhancer_mutagenesis_229_TtoC	0.860693079839391	0.999999449729043	0.583350886766299	0.999998990089494	-0.22244
enhancer_mutagenesis_229_TtoG	0.257666606096704	0.999999449729043	0.79277685469941	0.999998990089494	-0.41782
enhancer_mutagenesis_23_TtoA	0.480610821245359	0.999999449729043	0.547176385736491	0.999998990089494	-0.069179
enhancer_mutagenesis_23_TtoC	0.962977367914006	0.999999449729043	0.279613151651705	0.829624668713811	0.42477
enhancer_mutagenesis_23_TtoG	0.260332647721251	0.999999449729043	0.580859421101225	0.999998990089494	-0.45852
enhancer_mutagenesis_230_CtoA	0.440865442526306	0.999999449729043	0.379135856466904	0.954640376425169	-0.49715
enhancer_mutagenesis_230_CtoG	0.713603821366604	0.999999449729043	0.377362134675216	0.954168652605724	0.80768
enhancer_mutagenesis_230_CtoT	0.923053397186591	0.999999449729043	0.0406827469973235	0.263739356183151	0.63431
enhancer_mutagenesis_231_TtoA	0.273757874191622	0.999999449729043	0.979558284015458	0.999998990089494	-0.53382
enhancer_mutagenesis_231_TtoC	0.772163972809357	0.999999449729043	0.867922351435823	0.999998990089494	0.16442
enhancer_mutagenesis_231_TtoG	0.277720400960714	0.999999449729043	0.969400408731566	0.999998990089494	-0.33188
enhancer_mutagenesis_232_CtoA	0.558902152754663	0.999999449729043	0.784271058643765	0.999998990089494	0.098439
enhancer_mutagenesis_232_CtoG	0.378019032160419	0.999999449729043	0.967420554329065	0.999998990089494	-0.40605
enhancer_mutagenesis_232_CtoT	0.305254248026927	0.999999449729043	0.554511670287008	0.999998990089494	0.25452
enhancer_mutagenesis_233_TtoA	0.514885074447683	0.999999449729043	0.820476356157236	0.999998990089494	-0.22758
enhancer_mutagenesis_233_TtoC	0.917683342335282	0.999999449729043	0.251976869844334	0.78532791101484	0.73194
enhancer_mutagenesis_233_TtoG	0.287922646023442	0.999999449729043	0.806009187014133	0.999998990089494	-0.53857
enhancer_mutagenesis_234_GtoA	0.553818495364397	0.999999449729043	0.386268630603421	0.964934422633355	0.45077
enhancer_mutagenesis_234_GtoC	0.442700572039818	0.999999449729043	0.879536937748781	0.999998990089494	-0.38462
enhancer_mutagenesis_234_GtoT	0.968193667118502	0.999999449729043	0.0143177046347523	0.150537151541291	1.2647
enhancer_mutagenesis_235_AtoC	0.804370054145679	0.999999449729043	0.90381005635915	0.999998990089494	-0.20389
enhancer_mutagenesis_235_AtoG	0.739105959157501	0.999999449729043	0.63199764682034	0.999998990089494	0.23828
enhancer_mutagenesis_235_AtoT	0.596868347014639	0.999999449729043	0.93387930565374	0.999998990089494	-0.2594
enhancer_mutagenesis_236_CtoA	0.791786073102135	0.999999449729043	0.861294004887335	0.999998990089494	-0.13734
enhancer_mutagenesis_236_CtoG	0.782431036659963	0.999999449729043	0.589191658982096	0.999998990089494	-0.1063
enhancer_mutagenesis_236_CtoT	0.427065690400418	0.999999449729043	0.740386642566607	0.999998990089494	-0.29217
enhancer_mutagenesis_237_TtoA	0.0224980074429135	0.278500705914862	0.999058580864183	0.999998990089494	-0.74162
enhancer_mutagenesis_237_TtoC	0.714482026361234	0.999999449729043	0.780106815033334	0.999998990089494	0.01511
enhancer_mutagenesis_237_TtoG	0.0508423177582785	0.452125548135882	0.978543322979189	0.999998990089494	-0.67578
enhancer_mutagenesis_238_TtoA	0.881655684114998	0.999999449729043	0.84638189022749	0.999998990089494	0.09097
enhancer_mutagenesis_238_TtoC	0.530335250378163	0.999999449729043	0.928878460527632	0.999998990089494	-0.21209
enhancer_mutagenesis_238_TtoG	0.489788459995185	0.999999449729043	0.917040529704942	0.999998990089494	0.14347
enhancer_mutagenesis_239_CtoA	0.744364127984052	0.999999449729043	0.780159158467962	0.999998990089494	-0.072834
enhancer_mutagenesis_239_CtoG	0.393762058543919	0.999999449729043	0.936269186541018	0.999998990089494	-0.4063
enhancer_mutagenesis_239_CtoT	0.34248064878169	0.999999449729043	0.701743260797022	0.999998990089494	-0.44231
enhancer_mutagenesis_24_GtoA	0.488019911320092	0.999999449729043	0.915548981315161	0.999998990089494	-0.32113
enhancer_mutagenesis_24_GtoC	0.728000965735528	0.999999449729043	0.692362045665015	0.999998990089494	-0.087034
enhancer_mutagenesis_24_GtoT	0.512997344414199	0.999999449729043	0.803230113937198	0.999998990089494	-0.31079
enhancer_mutagenesis_240_AtoC	0.645419878158104	0.999999449729043	0.911465070487599	0.999998990089494	-0.33142
enhancer_mutagenesis_240_AtoG	0.951112608561498	0.999999449729043	0.112438492314537	0.481869659428904	0.74824
enhancer_mutagenesis_240_AtoT	0.543515370880431	0.999999449729043	0.485489610563069	0.999998990089494	-0.19982
enhancer_mutagenesis_241_AtoC	0.967400744741599	0.999999449729043	0.0568883706236516	0.319600331100257	0.29915
enhancer_mutagenesis_241_AtoG	0.441667595848662	0.999999449729043	0.772675564749893	0.999998990089494	0.011892
enhancer_mutagenesis_241_AtoT	0.61051422778215	0.999999449729043	0.931406525093456	0.999998990089494	-0.28122
enhancer_mutagenesis_242_AtoC	0.969547546114669	0.999999449729043	0.0130753584988462	0.140869500205676	0.32173
enhancer_mutagenesis_242_AtoG	0.846555840864505	0.999999449729043	0.0901809442789334	0.425286792855691	-0.26642
enhancer_mutagenesis_242_AtoT	0.701104728153861	0.999999449729043	0.601389690865149	0.999998990089494	-0.086241
enhancer_mutagenesis_243_GtoA	0.870065244108513	0.999999449729043	0.494644905743227	0.999998990089494	0.46257
enhancer_mutagenesis_243_GtoC	0.734410383407991	0.999999449729043	0.336010196781309	0.905015118491221	0.19476
enhancer_mutagenesis_243_GtoT	0.123618028062193	0.724008942878795	0.935315557217464	0.999998990089494	-1.1188
enhancer_mutagenesis_244_CtoA	0.861632124172941	0.999999449729043	0.410037949956104	0.99304287972718	-0.18897
enhancer_mutagenesis_244_CtoG	0.790707011955017	0.999999449729043	0.43756929345176	0.999998990089494	-0.23449
enhancer_mutagenesis_244_CtoT	0.279070294700119	0.999999449729043	0.858763143019509	0.999998990089494	-0.26937
enhancer_mutagenesis_245_TtoA	0.346792583224612	0.999999449729043	0.456604495444704	0.999998990089494	-0.61493
enhancer_mutagenesis_245_TtoC	0.178642283871415	0.900323598068553	0.689181670677598	0.999998990089494	-0.82221
enhancer_mutagenesis_245_TtoG	0.929376604307802	0.999999449729043	0.231733885956377	0.754576260489793	0.30792
enhancer_mutagenesis_246_GtoA	0.743602459205044	0.999999449729043	0.387979783475558	0.96619384416835	0.6377
enhancer_mutagenesis_246_GtoC	0.786681556079101	0.999999449729043	0.32652724876291	0.894192821403031	0.31292
enhancer_mutagenesis_246_GtoT	0.838590338489391	0.999999449729043	0.494561188174569	0.999998990089494	0.13667
enhancer_mutagenesis_247_GtoA	0.195799409721597	0.951230998585547	0.584279466912046	0.999998990089494	-0.55163
enhancer_mutagenesis_247_GtoC	0.784793109577142	0.999999449729043	0.888647176355615	0.999998990089494	-0.040993
enhancer_mutagenesis_247_GtoT	0.534512990764883	0.999999449729043	0.726859978999061	0.999998990089494	-0.22188
enhancer_mutagenesis_248_GtoA	0.750254379765712	0.999999449729043	0.402707979716351	0.984397283751081	0.37802
enhancer_mutagenesis_248_GtoC	0.525233397460476	0.999999449729043	0.765825097435448	0.999998990089494	-0.18213
enhancer_mutagenesis_248_GtoT	0.483115205372123	0.999999449729043	0.616067879636753	0.999998990089494	-0.32762
enhancer_mutagenesis_249_AtoC	0.674271663010705	0.999999449729043	0.341574994151648	0.908257126860204	-0.28228
enhancer_mutagenesis_249_AtoG	0.830188843148017	0.999999449729043	0.159278585059575	0.59127172718653	0.41135
enhancer_mutagenesis_249_AtoT	0.405306372053485	0.999999449729043	0.341155442431011	0.908257126860204	0.6144
enhancer_mutagenesis_25_AtoC	0.899389075834504	0.999999449729043	0.711151462610622	0.999998990089494	0.15644
enhancer_mutagenesis_25_AtoG	0.278357223293449	0.999999449729043	0.804998983108395	0.999998990089494	0.24392
enhancer_mutagenesis_25_AtoT	0.363947482412163	0.999999449729043	0.954512958198507	0.999998990089494	-0.50869
enhancer_mutagenesis_251_AtoC	0.580821355916544	0.999999449729043	0.42172356858397	0.999998990089494	0.53262
enhancer_mutagenesis_251_AtoG	0.884331976198246	0.999999449729043	0.341041843903266	0.908257126860204	0.4413
enhancer_mutagenesis_251_AtoT	0.568069767836949	0.999999449729043	0.957509805073208	0.999998990089494	-0.23209
enhancer_mutagenesis_252_CtoA	0.0989085154790766	0.640946766149066	0.915551061204818	0.999998990089494	-0.087454
enhancer_mutagenesis_252_CtoG	0.845434347457543	0.999999449729043	0.773491280961492	0.999998990089494	0.054666
enhancer_mutagenesis_252_CtoT	0.0250169048881262	0.292385075879975	0.998959207617087	0.999998990089494	-0.70548
enhancer_mutagenesis_253_GtoA	0.253425182369398	0.999999449729043	0.923599037561176	0.999998990089494	-0.38506
enhancer_mutagenesis_253_GtoC	0.0103288385235747	0.174457414546572	0.998345250098813	0.999998990089494	-0.8572
enhancer_mutagenesis_253_GtoT	0.436486416600017	0.999999449729043	0.916866836517896	0.999998990089494	-0.32099
enhancer_mutagenesis_254_CtoA	0.105834109455361	0.672508977073146	0.990940790910057	0.999998990089494	-0.72258
enhancer_mutagenesis_254_CtoG	0.0364099096110012	0.375280091974808	0.999030096553102	0.999998990089494	-0.94902
enhancer_mutagenesis_254_CtoT	0.0683547225187458	0.53933679836464	0.900110475912184	0.999998990089494	-0.7632
enhancer_mutagenesis_255_TtoA	0.225567800800081	0.990382058694277	0.762751599347989	0.999998990089494	-0.24094
enhancer_mutagenesis_255_TtoC	0.0108445699999554	0.17744427662427	0.999588018942736	0.999998990089494	-1.414
enhancer_mutagenesis_255_TtoG	0.0482365208786823	0.440709948163011	0.997996031266272	0.999998990089494	-0.61611
enhancer_mutagenesis_256_GtoA	0.196349403812883	0.951230998585547	0.985348136312157	0.999998990089494	-0.25091
enhancer_mutagenesis_256_GtoC	0.21863536426564	0.982910442122914	0.950764423720562	0.999998990089494	-0.80757
enhancer_mutagenesis_256_GtoT	0.139598706443419	0.785955727890046	0.975190626825132	0.999998990089494	-0.17329
enhancer_mutagenesis_257_AtoC	0.53782617487351	0.999999449729043	0.950261015287918	0.999998990089494	-0.017373
enhancer_mutagenesis_257_AtoG	0.758870898936256	0.999999449729043	0.537053876107451	0.999998990089494	-0.076465
enhancer_mutagenesis_257_AtoT	0.00474995342096782	0.0971513910632325	0.999416682713885	0.999998990089494	-1.4251
enhancer_mutagenesis_258_CtoA	0.171021026204285	0.886600092282807	0.979801459671769	0.999998990089494	-0.58096
enhancer_mutagenesis_258_CtoG	0.0530911677112136	0.460240652542905	0.99677075688195	0.999998990089494	-0.85086
enhancer_mutagenesis_258_CtoT	0.320217319340288	0.999999449729043	0.911876799783968	0.999998990089494	-0.35154
enhancer_mutagenesis_259_CtoA	0.294779551769042	0.999999449729043	0.820419245977714	0.999998990089494	-0.58141
enhancer_mutagenesis_259_CtoG	0.405840626943324	0.999999449729043	0.500097989092343	0.999998990089494	-0.40979
enhancer_mutagenesis_259_CtoT	0.0273027625129018	0.309431308479553	0.82750566480776	0.999998990089494	-1.1689
enhancer_mutagenesis_26_AtoC	0.872294264197889	0.999999449729043	0.70824418710333	0.999998990089494	0.15214
enhancer_mutagenesis_26_AtoG	0.48198693074451	0.999999449729043	0.738363246886294	0.999998990089494	0.15952
enhancer_mutagenesis_26_AtoT	0.387748412235758	0.999999449729043	0.863103402939781	0.999998990089494	-0.40968
enhancer_mutagenesis_260_CtoA	0.243336476535862	0.999999449729043	0.993476448679279	0.999998990089494	-0.41305
enhancer_mutagenesis_260_CtoG	0.200395398783702	0.951230998585547	0.890826328396385	0.999998990089494	-0.51563
enhancer_mutagenesis_260_CtoT	0.534188552286008	0.999999449729043	0.56882026951909	0.999998990089494	-0.4149
enhancer_mutagenesis_261_AtoC	0.734580071881695	0.999999449729043	0.672175048130791	0.999998990089494	-0.23466
enhancer_mutagenesis_261_AtoG	0.31928744420916	0.999999449729043	0.9408449342987	0.999998990089494	-0.37548
enhancer_mutagenesis_261_AtoT	0.329813613896052	0.999999449729043	0.600138616444575	0.999998990089494	-0.50629
enhancer_mutagenesis_262_GtoA	0.241721150714653	0.999999449729043	0.978938131501696	0.999998990089494	-0.44873
enhancer_mutagenesis_262_GtoC	0.381880560085639	0.999999449729043	0.960970363976696	0.999998990089494	-0.50771
enhancer_mutagenesis_262_GtoT	0.171473462202631	0.887151666184638	0.775161570101762	0.999998990089494	-0.65091
enhancer_mutagenesis_263_AtoC	0.902912043140415	0.999999449729043	0.540483926603674	0.999998990089494	0.35353
enhancer_mutagenesis_263_AtoG	0.722633892960323	0.999999449729043	0.84677804135464	0.999998990089494	0.10814
enhancer_mutagenesis_263_AtoT	0.864763137622351	0.999999449729043	0.748146011641135	0.999998990089494	0.11686
enhancer_mutagenesis_264_AtoC	0.222410403540792	0.985229164923507	0.975454635888945	0.999998990089494	-0.57113
enhancer_mutagenesis_264_AtoG	0.0971532012032242	0.635251851779079	0.957605231807215	0.999998990089494	-1.0006
enhancer_mutagenesis_264_AtoT	0.172440610731211	0.888680155303763	0.974738707245879	0.999998990089494	-0.66857
enhancer_mutagenesis_265_CtoA	0.899308390912188	0.999999449729043	0.0129802714879796	0.140596172385568	0.99268
enhancer_mutagenesis_265_CtoG	0.431688650994528	0.999999449729043	0.532235043793991	0.999998990089494	0.31038
enhancer_mutagenesis_265_CtoT	0.504606589778256	0.999999449729043	0.508127441650394	0.999998990089494	-0.0014959
enhancer_mutagenesis_266_AtoC	0.128694256930975	0.745401691693125	0.781239135792148	0.999998990089494	-0.99818
enhancer_mutagenesis_266_AtoG	0.39621341467524	0.999999449729043	0.946248085147467	0.999998990089494	-0.25496
enhancer_mutagenesis_266_AtoT	0.34500978258286	0.999999449729043	0.865503582329322	0.999998990089494	-0.32405
enhancer_mutagenesis_267_CtoA	0.0357837934067073	0.373331247263527	0.976004147205081	0.999998990089494	-1.116
enhancer_mutagenesis_267_CtoG	0.314573491994074	0.999999449729043	0.935484842662936	0.999998990089494	-1.0339
enhancer_mutagenesis_267_CtoT	0.0412561273071412	0.401518740855374	0.998443335168766	0.999998990089494	-1.3188
enhancer_mutagenesis_268_TtoA	0.892686407608161	0.999999449729043	0.744067761053258	0.999998990089494	0.089851
enhancer_mutagenesis_268_TtoC	0.723253290084265	0.999999449729043	0.809484641575076	0.999998990089494	-0.22735
enhancer_mutagenesis_268_TtoG	0.284181758842645	0.999999449729043	0.71934753561214	0.999998990089494	-0.54297
enhancer_mutagenesis_269_GtoA	0.00109126061687715	0.0380922705997917	0.999882449242942	0.999998990089494	-1.9651
enhancer_mutagenesis_269_GtoC	0.197521669928792	0.951230998585547	0.720693531129114	0.999998990089494	-0.43335
enhancer_mutagenesis_269_GtoT	0.0840270510560062	0.592075082488861	0.625723485987408	0.999998990089494	-1.4265
enhancer_mutagenesis_27_GtoA	0.596491233716261	0.999999449729043	0.252690845284522	0.78568246194166	0.14178
enhancer_mutagenesis_27_GtoC	0.96222460378222	0.999999449729043	0.182820551499322	0.648300512496048	0.48779
enhancer_mutagenesis_27_GtoT	0.874044701526572	0.999999449729043	0.722711870472605	0.999998990089494	-0.22473
enhancer_mutagenesis_270_TtoA	0.629796090757327	0.999999449729043	0.216214571430647	0.722924326954578	0.6802
enhancer_mutagenesis_270_TtoC	0.696939143500786	0.999999449729043	0.49804073899055	0.999998990089494	-0.32866
enhancer_mutagenesis_270_TtoG	0.125344601900494	0.732049565801575	0.968994626627272	0.999998990089494	-0.97004
enhancer_mutagenesis_271_GtoA	0.0446169618969526	0.424753477258989	0.954958408166986	0.999998990089494	-1.0097
enhancer_mutagenesis_271_GtoC	0.682283115338081	0.999999449729043	0.299535234365759	0.860793900734971	0.41111
enhancer_mutagenesis_271_GtoT	0.734826213836765	0.999999449729043	0.226154600266887	0.744745589306554	-0.22572
enhancer_mutagenesis_272_AtoC	0.489472537204886	0.999999449729043	0.930224641800601	0.999998990089494	-0.16507
enhancer_mutagenesis_272_AtoG	0.077098516807876	0.566230300628942	0.99627975523128	0.999998990089494	-0.49819
enhancer_mutagenesis_272_AtoT	0.430642003491086	0.999999449729043	0.734824834186758	0.999998990089494	0.14014
enhancer_mutagenesis_273_CtoA	0.0752470339960835	0.563509545856907	0.990293260395369	0.999998990089494	-1.0059
enhancer_mutagenesis_273_CtoG	0.484282032411548	0.999999449729043	0.782025109567409	0.999998990089494	-0.34582
enhancer_mutagenesis_273_CtoT	0.815947267550247	0.999999449729043	0.781476201832028	0.999998990089494	-0.019846
enhancer_mutagenesis_274_CtoA	0.558827001999092	0.999999449729043	0.842924932691377	0.999998990089494	-0.11692
enhancer_mutagenesis_274_CtoG	0.901297929594083	0.999999449729043	0.702788461512967	0.999998990089494	0.28566
enhancer_mutagenesis_274_CtoT	0.397679292650185	0.999999449729043	0.736260961258187	0.999998990089494	-0.3002
enhancer_mutagenesis_275_TtoA	0.829344762413007	0.999999449729043	0.580284943671245	0.999998990089494	0.27958
enhancer_mutagenesis_275_TtoC	0.447471409125212	0.999999449729043	0.790322259381366	0.999998990089494	-0.51735
enhancer_mutagenesis_275_TtoG	0.304432823578616	0.999999449729043	0.841729680742936	0.999998990089494	-0.25991
enhancer_mutagenesis_276_TtoA	0.421064134641859	0.999999449729043	0.719116491759532	0.999998990089494	-0.27758
enhancer_mutagenesis_276_TtoC	0.391270059714472	0.999999449729043	0.912624107040073	0.999998990089494	0.20597
enhancer_mutagenesis_276_TtoG	0.722625729998417	0.999999449729043	0.626865859616252	0.999998990089494	0.33369
enhancer_mutagenesis_277_TtoA	0.0268295289363547	0.308068889277968	0.999031161147499	0.999998990089494	-0.72323
enhancer_mutagenesis_277_TtoC	0.083107453322852	0.591237263041376	0.97012550419331	0.999998990089494	-0.85441
enhancer_mutagenesis_277_TtoG	0.201629745047699	0.951230998585547	0.971746190278319	0.999998990089494	-0.45532
enhancer_mutagenesis_278_GtoA	0.258661248287281	0.999999449729043	0.785012356537439	0.999998990089494	-0.43985
enhancer_mutagenesis_278_GtoC	0.155032100100865	0.840318919387299	0.928395230538414	0.999998990089494	-2.0979
enhancer_mutagenesis_278_GtoT	0.157738900839355	0.847387145732195	0.825195771472963	0.999998990089494	0.18311
enhancer_mutagenesis_279_GtoA	0.227047682221735	0.991835194377333	0.704702923941526	0.999998990089494	-0.38354
enhancer_mutagenesis_279_GtoC	0.019196514086217	0.256410581008756	0.998884887587125	0.999998990089494	-1.9658
enhancer_mutagenesis_279_GtoT	0.368091067765924	0.999999449729043	0.665507438372834	0.999998990089494	0.032258
enhancer_mutagenesis_28_CtoA	0.693098664302655	0.999999449729043	0.815651722760418	0.999998990089494	-0.14107
enhancer_mutagenesis_28_CtoG	0.799841702062597	0.999999449729043	0.550132169523386	0.999998990089494	0.1927
enhancer_mutagenesis_28_CtoT	0.706980546316351	0.999999449729043	0.688398151993094	0.999998990089494	-0.29564
enhancer_mutagenesis_280_CtoA	0.436279986735848	0.999999449729043	0.954675184908563	0.999998990089494	-0.28094
enhancer_mutagenesis_280_CtoG	0.0125986461851314	0.194142083653937	0.982184898040251	0.999998990089494	-1.1406
enhancer_mutagenesis_280_CtoT	0.178428854088826	0.900323598068553	0.936158479228537	0.999998990089494	-0.30264
enhancer_mutagenesis_281_AtoC	0.535566836134741	0.999999449729043	0.368077679364134	0.940124258122247	-0.12121
enhancer_mutagenesis_281_AtoG	0.25403711410874	0.999999449729043	0.908399462310099	0.999998990089494	0.085633
enhancer_mutagenesis_281_AtoT	0.993987840607267	0.999999449729043	0.0484167803700377	0.291919661416451	0.72212
enhancer_mutagenesis_282_CtoA	0.210441423196404	0.96996292836356	0.952034220930225	0.999998990089494	-0.28202
enhancer_mutagenesis_282_CtoG	0.362678913889999	0.999999449729043	0.520796420059014	0.999998990089494	-0.41843
enhancer_mutagenesis_282_CtoT	0.135541334365837	0.772006554396282	0.0738117983674001	0.373048818775779	0.84414
enhancer_mutagenesis_283_GtoA	0.000128980879445941	0.0096477697825564	0.932192672163748	0.999998990089494	-4.4509
enhancer_mutagenesis_283_GtoC	0.793507398665907	0.999999449729043	0.144657879697247	0.556153529223488	0.63293
enhancer_mutagenesis_283_GtoT	0.00982681585977299	0.167055869616141	0.919216729316156	0.999998990089494	-1.8333
enhancer_mutagenesis_284_AtoC	0.000139421515226593	0.0101390424128673	0.996660195200251	0.999998990089494	-3.7932
enhancer_mutagenesis_284_AtoG	0.00166510944649631	0.0479039179222784	0.934906904133901	0.999998990089494	-3.666
enhancer_mutagenesis_284_AtoT	0.000188464407591754	0.0126512774121849	0.977418770178179	0.999998990089494	-3.3929
enhancer_mutagenesis_285_TtoA	0.00382894726662419	0.0842644524330514	0.545758534671391	0.999998990089494	-3.3566
enhancer_mutagenesis_285_TtoC	0.000294945866613727	0.0165413794927025	0.999956893770462	0.999998990089494	-3.3947
enhancer_mutagenesis_285_TtoG	0.782944765370311	0.999999449729043	0.587409551570489	0.999998990089494	0.11743
enhancer_mutagenesis_286_TtoA	0.000692649292044834	0.0286481160062818	0.967734337362294	0.999998990089494	-2.5261
enhancer_mutagenesis_286_TtoC	0.0686123501397751	0.53933679836464	0.986886494839796	0.999998990089494	-0.17801
enhancer_mutagenesis_286_TtoG	0.00827126759417502	0.147307337153403	0.964702475034525	0.999998990089494	-2.1169
enhancer_mutagenesis_287_TtoA	4.18437617472015e-05	0.00939675341746472	0.999422915874559	0.999998990089494	-4.2772
enhancer_mutagenesis_287_TtoC	0.00137448007072248	0.0440996111440748	0.999589698285494	0.999998990089494	-3.2409
enhancer_mutagenesis_287_TtoG	0.0335896250044295	0.36455137520151	0.992268641105761	0.999998990089494	-1.7105
enhancer_mutagenesis_288_CtoA	0.00147533354376063	0.0459812287805398	0.994159987111743	0.999998990089494	-2.2474
enhancer_mutagenesis_288_CtoG	0.000122980315053922	0.0096477697825564	0.999081571388965	0.999998990089494	-2.9495
enhancer_mutagenesis_288_CtoT	0.000296961358348746	0.0165413794927025	0.96288294580016	0.999998990089494	-3.0331
enhancer_mutagenesis_289_CtoA	0.00295787406812998	0.0697631919852639	0.999821399294392	0.999998990089494	-1.8902
enhancer_mutagenesis_289_CtoG	0.00288629955097593	0.0697631919852639	0.999915226976752	0.999998990089494	-1.8505
enhancer_mutagenesis_289_CtoT	0.0157755271784117	0.224745789608398	0.680410995907584	0.999998990089494	-1.086
enhancer_mutagenesis_29_TtoA	0.370766008928036	0.999999449729043	0.969063339407815	0.999998990089494	-0.4254
enhancer_mutagenesis_29_TtoC	0.793266211352452	0.999999449729043	0.828245580163373	0.999998990089494	-0.3489
enhancer_mutagenesis_29_TtoG	0.322121464792008	0.999999449729043	0.755297364652977	0.999998990089494	-0.64662
enhancer_mutagenesis_290_TtoA	0.0174439308633201	0.241630746032656	0.953095054977162	0.999998990089494	-1.9981
enhancer_mutagenesis_290_TtoC	0.000490524991117308	0.0233489895771839	0.969881400654383	0.999998990089494	-2.9206
enhancer_mutagenesis_290_TtoG	0.000245460412972888	0.0149445432828609	0.972034074258047	0.999998990089494	-4.525
enhancer_mutagenesis_291_CtoA	0.00383020238332052	0.0842644524330514	0.999671401895164	0.999998990089494	-0.94448
enhancer_mutagenesis_291_CtoG	0.0719695879757252	0.549318895977984	0.304185517568613	0.861372250023374	0.34473
enhancer_mutagenesis_291_CtoT	0.000271844253410668	0.0161747330779347	0.999668006610871	0.999998990089494	-3.3391
enhancer_mutagenesis_292_TtoA	0.0240894110105515	0.286663991025563	0.921194198791523	0.999998990089494	-0.86054
enhancer_mutagenesis_292_TtoC	0.000654156018182672	0.0280750894361022	0.998789231826773	0.999998990089494	-2.2603
enhancer_mutagenesis_292_TtoG	0.000238144082713005	0.0148443144891107	0.994180771343352	0.999998990089494	-2.3611
enhancer_mutagenesis_293_AtoC	0.0051753822033339	0.101113064241255	0.794980764913193	0.999998990089494	-1.9523
enhancer_mutagenesis_293_AtoG	0.0138751390596267	0.206392693511948	0.865014268916382	0.999998990089494	-0.52599
enhancer_mutagenesis_293_AtoT	0.000112284223219591	0.0096477697825564	0.99942524027794	0.999998990089494	-2.8657
enhancer_mutagenesis_294_TtoA	0.000941860007632369	0.0347294295772048	0.99898282726541	0.999998990089494	-2.9104
enhancer_mutagenesis_294_TtoC	0.000617988630652176	0.027421936187244	0.999825537564559	0.999998990089494	-2.1844
enhancer_mutagenesis_294_TtoG	0.00227462391525424	0.0589600535656991	0.99210651399885	0.999998990089494	-3.0057
enhancer_mutagenesis_295_CtoA	0.00108601521088191	0.0380922705997917	0.987185727533707	0.999998990089494	-2.1725
enhancer_mutagenesis_295_CtoG	0.000115824769601621	0.0096477697825564	0.981141281398601	0.999998990089494	-3.3765
enhancer_mutagenesis_295_CtoT	0.00175814058548615	0.0500305657913342	0.985590889182626	0.999998990089494	-2.1875
enhancer_mutagenesis_297_TtoA	8.17915954285108e-05	0.00961206508489596	0.998695181667604	0.999998990089494	-2.7168
enhancer_mutagenesis_297_TtoC	0.00917905272579425	0.161362568829642	0.99220963308692	0.999998990089494	-1.8135
enhancer_mutagenesis_297_TtoG	0.0106986537178306	0.17744427662427	0.999410181220783	0.999998990089494	-1.2303
enhancer_mutagenesis_298_CtoA	0.000604358997042458	0.027421936187244	0.997245248066017	0.999998990089494	-2.3844
enhancer_mutagenesis_298_CtoG	0.00224885378002532	0.0588749919610628	0.992084984835463	0.999998990089494	-2.2151
enhancer_mutagenesis_298_CtoT	0.00121821206634272	0.0407704316228182	0.987890909419439	0.999998990089494	-2.3492
enhancer_mutagenesis_299_TtoA	0.00299805668107988	0.0700795749202421	0.91467338315498	0.999998990089494	-1.6708
enhancer_mutagenesis_299_TtoC	0.077429506350329	0.566230300628942	0.832323145249879	0.999998990089494	0.21881
enhancer_mutagenesis_299_TtoG	0.0869087901280225	0.598755822513587	0.993328163121992	0.999998990089494	-0.78427
enhancer_mutagenesis_3_AtoC	0.595014486875828	0.999999449729043	0.606311753676048	0.999998990089494	0.34221
enhancer_mutagenesis_3_AtoG	0.991191821884462	0.999999449729043	0.103936861094649	0.458864590802347	0.49572
enhancer_mutagenesis_3_AtoT	0.962220538477081	0.999999449729043	0.322309555953442	0.887486408786918	0.077078
enhancer_mutagenesis_30_GtoA	0.715139989551192	0.999999449729043	0.66440574288187	0.999998990089494	-0.4241
enhancer_mutagenesis_30_GtoC	0.30105643768578	0.999999449729043	0.884098027568832	0.999998990089494	-0.41435
enhancer_mutagenesis_30_GtoT	0.677894129558816	0.999999449729043	0.815935533903635	0.999998990089494	-0.29819
enhancer_mutagenesis_300_CtoA	0.0315526838916928	0.352168368891762	0.992995972764698	0.999998990089494	-0.41796
enhancer_mutagenesis_300_CtoG	0.00100153469051321	0.0359180523255286	0.96069998147595	0.999998990089494	-2.3851
enhancer_mutagenesis_300_CtoT	0.0370849591964428	0.379251653032372	0.9811849478856	0.999998990089494	-0.59475
enhancer_mutagenesis_301_CtoA	0.000973419404466303	0.0353946111235109	0.913366483503282	0.999998990089494	-2.7539
enhancer_mutagenesis_301_CtoG	0.247164413277714	0.999999449729043	0.953885901427665	0.999998990089494	-0.054009
enhancer_mutagenesis_301_CtoT	0.000358930131632662	0.0187935816922862	0.970611161521214	0.999998990089494	-3.6311
enhancer_mutagenesis_302_CtoA	0.00951383623777192	0.163863310990045	0.997909754316355	0.999998990089494	-0.89364
enhancer_mutagenesis_302_CtoG	0.00361763286596896	0.0816462314060926	0.993903922500908	0.999998990089494	-2.1528
enhancer_mutagenesis_302_CtoT	0.0688076740465201	0.53933679836464	0.878289087583989	0.999998990089494	-0.84405
enhancer_mutagenesis_303_CtoA	0.0239861367422609	0.286663991025563	0.999022004080819	0.999998990089494	-1.165
enhancer_mutagenesis_303_CtoG	0.0267809987425629	0.308068889277968	0.99863117124124	0.999998990089494	-1.2355
enhancer_mutagenesis_303_CtoT	0.19693464597272	0.951230998585547	0.854395335917213	0.999998990089494	-0.59985
enhancer_mutagenesis_304_TtoA	0.000287090847648094	0.0165413794927025	0.989188250699027	0.999998990089494	-2.7557
enhancer_mutagenesis_304_TtoC	0.031263030164551	0.351273017042037	0.994041822941702	0.999998990089494	-0.699
enhancer_mutagenesis_304_TtoG	0.00425499567026511	0.0905656802012525	0.990816599980154	0.999998990089494	-1.9569
enhancer_mutagenesis_305_GtoA	0.0422247432053659	0.409423621154252	0.950473252653321	0.999998990089494	-0.86844
enhancer_mutagenesis_305_GtoC	0.00492921861893755	0.0992668795721424	0.986456313453576	0.999998990089494	-1.7325
enhancer_mutagenesis_305_GtoT	0.0316396002831093	0.352168368891762	0.978899172310969	0.999998990089494	-0.31978
enhancer_mutagenesis_306_CtoA	0.0619791990277044	0.507067322045407	0.930999095058114	0.999998990089494	-0.86057
enhancer_mutagenesis_306_CtoG	0.019986033331748	0.259026907240179	0.727501544823839	0.999998990089494	-0.31932
enhancer_mutagenesis_306_CtoT	0.0773233771010624	0.566230300628942	0.779429033301638	0.999998990089494	-0.50242
enhancer_mutagenesis_307_TtoA	0.38141928451242	0.999999449729043	0.895166708423345	0.999998990089494	-0.061657
enhancer_mutagenesis_307_TtoC	0.110871482863886	0.686197499143386	0.939458965351854	0.999998990089494	-0.39082
enhancer_mutagenesis_307_TtoG	0.1024482977055	0.656572967848812	0.968164666282106	0.999998990089494	-0.72907
enhancer_mutagenesis_308_CtoA	0.00270892566750298	0.066280069135727	0.878151990194236	0.999998990089494	-1.2825
enhancer_mutagenesis_308_CtoG	0.473097616439632	0.999999449729043	0.925808464899131	0.999998990089494	-0.29248
enhancer_mutagenesis_308_CtoT	0.0113816036571569	0.183932335644671	0.976783144625508	0.999998990089494	-1.3009
enhancer_mutagenesis_309_GtoA	0.692667001524768	0.999999449729043	0.753719068521066	0.999998990089494	-0.13338
enhancer_mutagenesis_309_GtoC	0.0755507450709604	0.563509545856907	0.967179798354878	0.999998990089494	-0.79862
enhancer_mutagenesis_309_GtoT	0.0445507585133231	0.424753477258989	0.970668105161081	0.999998990089494	-0.08543
enhancer_mutagenesis_31_TtoA	0.664170181602349	0.999999449729043	0.668334015587169	0.999998990089494	-0.26644
enhancer_mutagenesis_31_TtoC	0.664818031542934	0.999999449729043	0.2864659456491	0.837285602978758	0.17381
enhancer_mutagenesis_31_TtoG	0.315478611162967	0.999999449729043	0.85541768004855	0.999998990089494	-0.21738
enhancer_mutagenesis_310_CtoA	0.146813752352393	0.809098339602554	0.95592666624716	0.999998990089494	-0.47822
enhancer_mutagenesis_310_CtoG	0.254956008202438	0.999999449729043	0.807728670859737	0.999998990089494	-0.29582
enhancer_mutagenesis_310_CtoT	0.258601488209537	0.999999449729043	0.930635277946779	0.999998990089494	-0.47458
enhancer_mutagenesis_311_CtoA	0.00151649391740753	0.0464198307231564	0.98861482657173	0.999998990089494	-1.9607
enhancer_mutagenesis_311_CtoG	0.00165518019555819	0.0479039179222784	0.997635740339809	0.999998990089494	-1.6964
enhancer_mutagenesis_311_CtoT	0.0069763259348981	0.127121909892448	0.693071884550986	0.999998990089494	-1.2568
enhancer_mutagenesis_312_CtoA	0.00123027658449299	0.0407704316228182	0.977615919994178	0.999998990089494	-2.1827
enhancer_mutagenesis_312_CtoG	7.83561851381143e-05	0.00961206508489596	0.999627238846279	0.999998990089494	-3.8844
enhancer_mutagenesis_312_CtoT	0.000456878958775466	0.0221501687791513	0.999482858731496	0.999998990089494	-2.7226
enhancer_mutagenesis_313_AtoC	0.000117947864889025	0.0096477697825564	0.945973285550752	0.999998990089494	-5.178
enhancer_mutagenesis_313_AtoG	0.000442266915670443	0.0218463167023627	0.979533778912336	0.999998990089494	-3.8219
enhancer_mutagenesis_313_AtoT	0.0747702009131459	0.562495362042	0.874641848640236	0.999998990089494	-0.67643
enhancer_mutagenesis_314_GtoA	0.000744007833659608	0.0295123107351645	0.999036256407839	0.999998990089494	-2.2256
enhancer_mutagenesis_314_GtoC	8.73532798267578e-05	0.00961206508489596	0.885303536365971	0.999998990089494	-2.848
enhancer_mutagenesis_314_GtoT	0.000309505765686623	0.0168809603034912	0.999917057250463	0.999998990089494	-2.3141
enhancer_mutagenesis_315_CtoA	0.0186825985699778	0.252118778640216	0.887036132367734	0.999998990089494	-0.31677
enhancer_mutagenesis_315_CtoG	0.00218584577385101	0.0583933085300199	0.999151244019923	0.999998990089494	-1.4989
enhancer_mutagenesis_315_CtoT	0.00017383844719183	0.0119765540723213	0.999209620268691	0.999998990089494	-2.6498
enhancer_mutagenesis_316_AtoC	0.000197356365513102	0.0129169741228325	0.999998817936246	0.999998990089494	-2.4449
enhancer_mutagenesis_316_AtoG	0.0514567646219634	0.453767270132249	0.985192371379759	0.999998990089494	-0.4273
enhancer_mutagenesis_316_AtoT	0.00011733195101188	0.0096477697825564	0.999992999591367	0.999998990089494	-1.7009
enhancer_mutagenesis_317_AtoC	0.689304050011292	0.999999449729043	0.661530661739873	0.999998990089494	0.060865
enhancer_mutagenesis_317_AtoG	0.263289665090972	0.999999449729043	0.622666244034293	0.999998990089494	-0.38417
enhancer_mutagenesis_317_AtoT	0.0558585683077318	0.470217787233575	0.618228310524699	0.999998990089494	-0.12745
enhancer_mutagenesis_318_GtoA	0.000713718179404832	0.02874637221049	0.998614135089497	0.999998990089494	-1.2149
enhancer_mutagenesis_318_GtoC	0.264364511250662	0.999999449729043	0.977683956057272	0.999998990089494	-0.50503
enhancer_mutagenesis_318_GtoT	0.00555759176392001	0.104674641999587	0.924453869511996	0.999998990089494	-0.18497
enhancer_mutagenesis_319_GtoA	0.00437864812493578	0.090978577706999	0.999328062025303	0.999998990089494	-1.0872
enhancer_mutagenesis_319_GtoC	0.0703119416202842	0.544605512313326	0.983075234778069	0.999998990089494	-0.74063
enhancer_mutagenesis_319_GtoT	0.115227642704558	0.696688149192918	0.354629975101574	0.922089004723703	-0.26451
enhancer_mutagenesis_32_TtoA	0.70395360673997	0.999999449729043	0.645636723814419	0.999998990089494	0.18611
enhancer_mutagenesis_32_TtoC	0.116450138318645	0.702457285986667	0.97513842303468	0.999998990089494	-0.81226
enhancer_mutagenesis_32_TtoG	0.377382455130241	0.999999449729043	0.972799451293124	0.999998990089494	-0.39973
enhancer_mutagenesis_320_AtoC	0.00429382532348804	0.0906551185233201	0.999887739969342	0.999998990089494	-1.1981
enhancer_mutagenesis_320_AtoG	0.292347628849132	0.999999449729043	0.941943969661222	0.999998990089494	-0.62286
enhancer_mutagenesis_320_AtoT	0.0194217805748249	0.257390644555332	0.949584967630215	0.999998990089494	-1.0564
enhancer_mutagenesis_321_GtoA	6.46919485285601e-05	0.00961206508489596	0.997895968615705	0.999998990089494	-4.5302
enhancer_mutagenesis_321_GtoC	0.00141637314629798	0.0446754806868449	0.999893578194187	0.999998990089494	-1.3398
enhancer_mutagenesis_321_GtoT	0.079916821160964	0.577961982871281	0.966418950021061	0.999998990089494	-1.2367
enhancer_mutagenesis_322_GtoA	0.00445729856603936	0.0918835247707957	0.872096697778546	0.999998990089494	-1.1512
enhancer_mutagenesis_322_GtoC	0.00295717371012607	0.0697631919852639	0.883581179381815	0.999998990089494	-2.5451
enhancer_mutagenesis_322_GtoT	4.26337812658801e-06	0.00223230478708148	0.998927475824001	0.999998990089494	-4.2227
enhancer_mutagenesis_323_AtoC	0.000208076885932974	0.0132864704237201	0.926459852259572	0.999998990089494	-3.0461
enhancer_mutagenesis_323_AtoG	0.000103487035203882	0.0096477697825564	0.808994384114616	0.999998990089494	-3.8688
enhancer_mutagenesis_323_AtoT	0.00083438212344014	0.0321237117524454	0.999445100667691	0.999998990089494	-4.3066
enhancer_mutagenesis_324_AtoC	6.12012486030203e-05	0.00961206508489596	0.999906909121591	0.999998990089494	-3.3367
enhancer_mutagenesis_324_AtoG	0.000400128097407312	0.0201449107502374	0.976085949143421	0.999998990089494	-2.5745
enhancer_mutagenesis_324_AtoT	3.01303553572255e-06	0.00213196802230554	0.993599490283849	0.999998990089494	-4.0059
enhancer_mutagenesis_325_GtoA	8.81167158279233e-05	0.00961206508489596	0.988884780807811	0.999998990089494	-2.8293
enhancer_mutagenesis_325_GtoC	0.201062128121513	0.951230998585547	0.741484999772208	0.999998990089494	-0.60689
enhancer_mutagenesis_325_GtoT	0.0110224670009466	0.179234898189305	0.955686860069672	0.999998990089494	-1.2442
enhancer_mutagenesis_326_GtoA	0.0179443234192631	0.244678326623078	0.910358589300899	0.999998990089494	-0.76121
enhancer_mutagenesis_326_GtoC	0.314630806817288	0.999999449729043	0.457516010327309	0.999998990089494	0.44924
enhancer_mutagenesis_326_GtoT	0.0294339163101003	0.332146521120011	0.96219338163676	0.999998990089494	-1.1198
enhancer_mutagenesis_327_AtoC	0.0357488373160123	0.373331247263527	0.746813355351757	0.999998990089494	-1.218
enhancer_mutagenesis_327_AtoG	0.0501636869013734	0.452125548135882	0.985653771835842	0.999998990089494	-1.3421
enhancer_mutagenesis_327_AtoT	0.000634423513101705	0.027682012621671	0.994755562424366	0.999998990089494	-2.7242
enhancer_mutagenesis_328_GtoA	0.00221895305145026	0.0586789806939069	0.939377912568169	0.999998990089494	-2.2039
enhancer_mutagenesis_328_GtoC	0.0455561799140546	0.429015398960364	0.909050579535213	0.999998990089494	-1.5373
enhancer_mutagenesis_328_GtoT	4.46509004553406e-05	0.00939675341746472	0.997437773733147	0.999998990089494	-4.5152
enhancer_mutagenesis_329_CtoA	0.000106940997656529	0.0096477697825564	0.996616840547773	0.999998990089494	-2.2815
enhancer_mutagenesis_329_CtoG	8.626063826452e-05	0.00961206508489596	0.891761158913415	0.999998990089494	-3.4265
enhancer_mutagenesis_329_CtoT	0.000608008429207864	0.027421936187244	0.837976516046726	0.999998990089494	-2.3007
enhancer_mutagenesis_33_GtoA	0.856542168396255	0.999999449729043	0.398297184353081	0.976974425577588	0.35889
enhancer_mutagenesis_33_GtoC	0.223167696271354	0.985249627046212	0.931050421446518	0.999998990089494	-0.5343
enhancer_mutagenesis_33_GtoT	0.792393663956293	0.999999449729043	0.624131807978616	0.999998990089494	-0.19859
enhancer_mutagenesis_330_CtoA	0.000389169302506149	0.019977357528649	0.988110553188582	0.999998990089494	-2.4232
enhancer_mutagenesis_330_CtoG	0.00130221316743699	0.0426149259043756	0.979826586121288	0.999998990089494	-3.0654
enhancer_mutagenesis_330_CtoT	1.63572379276518e-05	0.00535290611182405	0.986555218303133	0.999998990089494	-2.6822
enhancer_mutagenesis_331_CtoA	0.00156033044447584	0.0464198307231564	0.996697246883427	0.999998990089494	-1.8704
enhancer_mutagenesis_331_CtoG	0.000117077179600505	0.0096477697825564	0.939952312475266	0.999998990089494	-2.5716
enhancer_mutagenesis_331_CtoT	0.000700335914592069	0.0286481160062818	0.982965389991126	0.999998990089494	-2.6824
enhancer_mutagenesis_332_AtoC	0.000355014710334771	0.0187935816922862	0.996018095296452	0.999998990089494	-1.8835
enhancer_mutagenesis_332_AtoG	4.6278064244363e-05	0.00939675341746472	0.996234156302003	0.999998990089494	-3.675
enhancer_mutagenesis_332_AtoT	0.0231825810185092	0.283607463114286	0.986851412304913	0.999998990089494	-1.0322
enhancer_mutagenesis_333_GtoA	0.0380191842803061	0.38579156761954	0.837910244530909	0.999998990089494	-0.64901
enhancer_mutagenesis_333_GtoC	1.01637013566508e-05	0.00380122430738739	0.999904135894604	0.999998990089494	-3.5741
enhancer_mutagenesis_333_GtoT	0.00016980804350398	0.0119765540723213	0.981227560911268	0.999998990089494	-3.0645
enhancer_mutagenesis_334_CtoA	0.00418272714545288	0.0897572103835708	0.948530281873661	0.999998990089494	-1.6438
enhancer_mutagenesis_334_CtoG	6.7031114887561e-05	0.00961206508489596	0.960654456025968	0.999998990089494	-2.5781
enhancer_mutagenesis_334_CtoT	2.50415485525253e-06	0.00213196802230554	0.982997717526893	0.999998990089494	-5.1876
enhancer_mutagenesis_335_TtoA	0.0161919237819781	0.228082373499849	0.943618580448944	0.999998990089494	-1.3159
enhancer_mutagenesis_335_TtoC	0.0647555157829845	0.523548299604936	0.99288857728406	0.999998990089494	-0.70539
enhancer_mutagenesis_335_TtoG	0.0843990980678724	0.592075082488861	0.349119224157687	0.917353173307282	-0.95828
enhancer_mutagenesis_336_CtoA	0.0515137328286894	0.453767270132249	0.986124893781995	0.999998990089494	-0.74603
enhancer_mutagenesis_336_CtoG	0.00548602028036151	0.104075370246278	0.827175310147988	0.999998990089494	-0.13598
enhancer_mutagenesis_336_CtoT	0.020283213171941	0.261583507803653	0.984835500404	0.999998990089494	-1.4193
enhancer_mutagenesis_337_CtoA	0.00265882738873716	0.065830793014086	0.998331141282319	0.999998990089494	-2.0409
enhancer_mutagenesis_337_CtoG	0.0157957315843946	0.224745789608398	0.849326274692371	0.999998990089494	-1.4411
enhancer_mutagenesis_337_CtoT	0.00527092554956662	0.101465316829157	0.962683749935523	0.999998990089494	-1.727
enhancer_mutagenesis_338_CtoA	0.103096698527218	0.658310138400627	0.851405496402943	0.999998990089494	-0.11891
enhancer_mutagenesis_338_CtoG	0.0239166315920078	0.286663991025563	0.99780561018218	0.999998990089494	-0.93653
enhancer_mutagenesis_338_CtoT	2.55778762333689e-05	0.00744031999766221	0.999996873896699	0.999998990089494	-2.1801
enhancer_mutagenesis_339_TtoA	0.0106655617176829	0.17744427662427	0.999684863556892	0.999998990089494	-2.2135
enhancer_mutagenesis_339_TtoC	0.178556302516538	0.900323598068553	0.574535698146794	0.999998990089494	0.0010444
enhancer_mutagenesis_339_TtoG	0.0317462700758044	0.352168368891762	0.955794841548463	0.999998990089494	-0.44399
enhancer_mutagenesis_34_TtoA	0.604503087983644	0.999999449729043	0.966781778664575	0.999998990089494	-0.33757
enhancer_mutagenesis_34_TtoC	0.460028491880766	0.999999449729043	0.70757857290891	0.999998990089494	-0.62348
enhancer_mutagenesis_34_TtoG	0.524411225637936	0.999999449729043	0.636189048490981	0.999998990089494	-0.30496
enhancer_mutagenesis_340_TtoA	0.110457391574651	0.686197499143386	0.982429288763259	0.999998990089494	-0.73592
enhancer_mutagenesis_340_TtoC	0.00153188339460955	0.0464198307231564	0.780376431891141	0.999998990089494	-0.37106
enhancer_mutagenesis_340_TtoG	0.000883299263999155	0.0335141662775332	0.98265006616907	0.999998990089494	-1.677
enhancer_mutagenesis_341_GtoA	0.0148309783239466	0.215587487459586	0.999550550973809	0.999998990089494	-1.2857
enhancer_mutagenesis_341_GtoC	0.000678399695576401	0.0286459742422422	0.99964829665116	0.999998990089494	-1.0995
enhancer_mutagenesis_341_GtoT	0.0557472482801462	0.470217787233575	0.248593633358044	0.781620062087938	0.43987
enhancer_mutagenesis_342_AtoC	0.76749431382576	0.999999449729043	0.585514979162238	0.999998990089494	0.057
enhancer_mutagenesis_342_AtoG	0.935924171032119	0.999999449729043	0.625097747027772	0.999998990089494	0.16749
enhancer_mutagenesis_342_AtoT	0.585727016764846	0.999999449729043	0.73695954041866	0.999998990089494	-0.0035679
enhancer_mutagenesis_343_AtoC	0.826690545273154	0.999999449729043	0.833707426641491	0.999998990089494	0.10534
enhancer_mutagenesis_343_AtoG	0.0355620303710853	0.373331247263527	0.984143817829012	0.999998990089494	-1.1967
enhancer_mutagenesis_343_AtoT	0.212453835813001	0.96996292836356	0.914803417355974	0.999998990089494	-0.85753
enhancer_mutagenesis_344_CtoA	0.837802849449729	0.999999449729043	0.252640842417117	0.78568246194166	0.43043
enhancer_mutagenesis_344_CtoG	0.341562958519355	0.999999449729043	0.785020375004149	0.999998990089494	-0.12983
enhancer_mutagenesis_344_CtoT	0.76248611511669	0.999999449729043	0.129052528425317	0.52436716306798	0.86349
enhancer_mutagenesis_345_TtoA	0.425063118276926	0.999999449729043	0.450197200800498	0.999998990089494	-0.74359
enhancer_mutagenesis_345_TtoC	0.287381005753225	0.999999449729043	0.981225510184563	0.999998990089494	-0.26768
enhancer_mutagenesis_345_TtoG	0.276711383401771	0.999999449729043	0.941538501164336	0.999998990089494	0.19832
enhancer_mutagenesis_346_GtoA	0.921569576257388	0.999999449729043	0.314316487393967	0.873665280476747	0.61506
enhancer_mutagenesis_346_GtoC	0.819366663815079	0.999999449729043	0.402502478026319	0.984397283751081	0.45652
enhancer_mutagenesis_346_GtoT	0.37716963066423	0.999999449729043	0.970992407881031	0.999998990089494	-0.26144
enhancer_mutagenesis_347_GtoA	0.147107427322795	0.809098339602554	0.976482237154522	0.999998990089494	-1.0582
enhancer_mutagenesis_347_GtoC	0.780541345861563	0.999999449729043	0.838875259190661	0.999998990089494	-0.26939
enhancer_mutagenesis_347_GtoT	0.168452969679717	0.875812904846318	0.982846938895435	0.999998990089494	-0.88094
enhancer_mutagenesis_348_TtoA	0.742918024117414	0.999999449729043	0.193060970493715	0.6730141421472	-0.076392
enhancer_mutagenesis_348_TtoC	0.917265624052586	0.999999449729043	0.686151077000381	0.999998990089494	0.10496
enhancer_mutagenesis_348_TtoG	0.746185389677311	0.999999449729043	0.620833780938282	0.999998990089494	-0.048996
enhancer_mutagenesis_349_TtoA	0.109046208037725	0.682973618762594	0.987492329859099	0.999998990089494	-0.80408
enhancer_mutagenesis_349_TtoC	0.00205275689674341	0.0559803912049401	0.999887231947125	0.999998990089494	-1.5644
enhancer_mutagenesis_349_TtoG	0.519479607039263	0.999999449729043	0.975192024499529	0.999998990089494	-0.21457
enhancer_mutagenesis_35_GtoA	0.314735107639635	0.999999449729043	0.935662744119633	0.999998990089494	-0.00080907
enhancer_mutagenesis_35_GtoC	0.0516511254772384	0.453767270132249	0.997589336345841	0.999998990089494	-0.61461
enhancer_mutagenesis_35_GtoT	0.599433963224845	0.999999449729043	0.885625183503811	0.999998990089494	-0.27535
enhancer_mutagenesis_350_TtoA	0.49043871336127	0.999999449729043	0.977332163826086	0.999998990089494	-0.25358
enhancer_mutagenesis_350_TtoC	0.608861943116687	0.999999449729043	0.769286656257604	0.999998990089494	-0.13586
enhancer_mutagenesis_350_TtoG	0.657149435468893	0.999999449729043	0.875564673968075	0.999998990089494	-0.39422
enhancer_mutagenesis_351_TtoA	0.971198152667516	0.999999449729043	0.2254548309426	0.744745589306554	0.17211
enhancer_mutagenesis_351_TtoC	0.0189937644783905	0.255003463612443	0.998783643558377	0.999998990089494	-1.0102
enhancer_mutagenesis_351_TtoG	0.730964437513028	0.999999449729043	0.816914376564352	0.999998990089494	-0.29751
enhancer_mutagenesis_352_TtoA	0.862820605966073	0.999999449729043	0.577763091184254	0.999998990089494	0.059835
enhancer_mutagenesis_352_TtoC	0.343351375517376	0.999999449729043	0.990020571066771	0.999998990089494	-0.52707
enhancer_mutagenesis_352_TtoG	0.782590203093015	0.999999449729043	0.752662520427531	0.999998990089494	-0.34485
enhancer_mutagenesis_353_GtoA	0.313945766724041	0.999999449729043	0.982047394628745	0.999998990089494	-0.5956
enhancer_mutagenesis_353_GtoC	0.277195474458118	0.999999449729043	0.80022567978552	0.999998990089494	-1.0859
enhancer_mutagenesis_353_GtoT	0.19988494699659	0.951230998585547	0.821832586177636	0.999998990089494	-0.72507
enhancer_mutagenesis_354_CtoA	0.613638560927058	0.999999449729043	0.848348597825471	0.999998990089494	-0.20818
enhancer_mutagenesis_354_CtoG	0.878156187643172	0.999999449729043	0.33401522400992	0.904804310066495	-0.31251
enhancer_mutagenesis_354_CtoT	0.516464214808055	0.999999449729043	0.877964367639925	0.999998990089494	-0.39619
enhancer_mutagenesis_355_TtoA	0.81811916299666	0.999999449729043	0.721118530924219	0.999998990089494	0.11524
enhancer_mutagenesis_355_TtoC	0.853592292832139	0.999999449729043	0.786959474851291	0.999998990089494	0.20018
enhancer_mutagenesis_355_TtoG	0.739650696936703	0.999999449729043	0.597767917924511	0.999998990089494	0.14852
enhancer_mutagenesis_356_GtoA	0.0551460527679187	0.470217787233575	0.957708900621565	0.999998990089494	-1.012
enhancer_mutagenesis_356_GtoC	0.0483131226595814	0.440709948163011	0.997579778452765	0.999998990089494	-0.9411
enhancer_mutagenesis_356_GtoT	0.606535910933525	0.999999449729043	0.20351830111545	0.697379830249518	-0.33009
enhancer_mutagenesis_357_CtoA	0.719062452426994	0.999999449729043	0.776383529344534	0.999998990089494	-0.037543
enhancer_mutagenesis_357_CtoG	0.407143323898949	0.999999449729043	0.78040721570771	0.999998990089494	-0.35772
enhancer_mutagenesis_357_CtoT	0.774700097923567	0.999999449729043	0.139503605182394	0.550111787912861	0.87367
enhancer_mutagenesis_358_CtoA	0.992788646657222	0.999999449729043	0.0234230204860048	0.188326214631315	0.76505
enhancer_mutagenesis_358_CtoG	0.925564347421011	0.999999449729043	0.192550503411273	0.672129623907616	0.51899
enhancer_mutagenesis_358_CtoT	0.482646935682871	0.999999449729043	0.756478252471155	0.999998990089494	-0.059975
enhancer_mutagenesis_359_TtoA	0.640117529626294	0.999999449729043	0.793674560886317	0.999998990089494	-0.11934
enhancer_mutagenesis_359_TtoC	0.15215462811004	0.826433229029224	0.895193761904464	0.999998990089494	-0.90967
enhancer_mutagenesis_359_TtoG	0.779647733780118	0.999999449729043	0.817713291110542	0.999998990089494	0.184
enhancer_mutagenesis_36_TtoA	0.807589591405716	0.999999449729043	0.89579958968212	0.999998990089494	-0.27133
enhancer_mutagenesis_36_TtoC	0.0595507652250928	0.496509246367175	0.996804702840993	0.999998990089494	-0.92792
enhancer_mutagenesis_36_TtoG	0.871951468604581	0.999999449729043	0.604324239133634	0.999998990089494	0.16947
enhancer_mutagenesis_360_GtoA	0.764886957425427	0.999999449729043	0.693862140772703	0.999998990089494	0.098541
enhancer_mutagenesis_360_GtoC	0.28660261546015	0.999999449729043	0.455923699678473	0.999998990089494	-0.37238
enhancer_mutagenesis_360_GtoT	0.599543569105587	0.999999449729043	0.673401339939515	0.999998990089494	-0.40767
enhancer_mutagenesis_361_GtoA	0.950122426059592	0.999999449729043	0.170752712156662	0.621754954627175	0.78236
enhancer_mutagenesis_361_GtoC	0.707659461573272	0.999999449729043	0.461828775647214	0.999998990089494	0.44553
enhancer_mutagenesis_361_GtoT	0.921816789427765	0.999999449729043	0.362796742314126	0.933107099805799	-0.12208
enhancer_mutagenesis_362_AtoC	0.984993745322886	0.999999449729043	0.0116868889887302	0.134572706414751	1.0027
enhancer_mutagenesis_362_AtoG	0.999640232672429	0.999999449729043	0.014411847292213	0.150669583091149	0.74081
enhancer_mutagenesis_362_AtoT	0.989988597680308	0.999999449729043	0.237077973308405	0.757838991601227	0.45809
enhancer_mutagenesis_363_GtoA	0.988834706718982	0.999999449729043	0.0943584068404608	0.434912516035786	0.40988
enhancer_mutagenesis_363_GtoC	0.731553866833095	0.999999449729043	0.590041429383697	0.999998990089494	-0.084195
enhancer_mutagenesis_363_GtoT	0.974163639414698	0.999999449729043	0.334755445643077	0.904804310066495	0.38343
enhancer_mutagenesis_364_GtoA	0.505082186947972	0.999999449729043	0.799828946940686	0.999998990089494	-0.10233
enhancer_mutagenesis_364_GtoC	0.714889677129763	0.999999449729043	0.390016093000531	0.96652499165138	0.34279
enhancer_mutagenesis_364_GtoT	0.738609774424147	0.999999449729043	0.801347904302402	0.999998990089494	0.0028798
enhancer_mutagenesis_365_GtoA	0.967717976884928	0.999999449729043	0.0275234643400825	0.205288973339989	0.12132
enhancer_mutagenesis_365_GtoC	0.968670462162738	0.999999449729043	0.100784889682687	0.451806234913141	0.97845
enhancer_mutagenesis_365_GtoT	0.76400282310016	0.999999449729043	0.847615121696938	0.999998990089494	0.18601
enhancer_mutagenesis_366_CtoA	0.788211770945171	0.999999449729043	0.712577713071085	0.999998990089494	-0.17406
enhancer_mutagenesis_366_CtoG	0.911752093707789	0.999999449729043	0.726467241426876	0.999998990089494	0.047461
enhancer_mutagenesis_366_CtoT	0.82315133038135	0.999999449729043	0.795576648471433	0.999998990089494	0.29861
enhancer_mutagenesis_367_AtoC	0.98414102153518	0.999999449729043	0.0922121907196873	0.429557856413063	0.44951
enhancer_mutagenesis_367_AtoG	0.912549301590886	0.999999449729043	0.300547569326454	0.861372250023374	0.16287
enhancer_mutagenesis_367_AtoT	0.849792077773785	0.999999449729043	0.485200525291131	0.999998990089494	0.40699
enhancer_mutagenesis_368_AtoC	0.933623892456609	0.999999449729043	0.319861073325518	0.882398619563968	0.33083
enhancer_mutagenesis_368_AtoG	0.823999634225527	0.999999449729043	0.743681383698571	0.999998990089494	0.036765
enhancer_mutagenesis_368_AtoT	0.739926501402253	0.999999449729043	0.529314517969841	0.999998990089494	0.12776
enhancer_mutagenesis_369_AtoC	0.994039718851719	0.999999449729043	0.141005548757865	0.551797498726592	0.65672
enhancer_mutagenesis_369_AtoG	0.835396735812816	0.999999449729043	0.229289088419863	0.752229114640603	0.046589
enhancer_mutagenesis_369_AtoT	0.961994412980256	0.999999449729043	0.152582825220928	0.578047907731584	0.78692
enhancer_mutagenesis_37_GtoA	0.223024263442735	0.985249627046212	0.988542076231482	0.999998990089494	-0.95153
enhancer_mutagenesis_37_GtoC	0.179696804016448	0.901237994090153	0.288439039432572	0.839970417390962	-0.15865
enhancer_mutagenesis_37_GtoT	0.346409161282674	0.999999449729043	0.325497901133234	0.8923073352532	-0.87419
enhancer_mutagenesis_370_TtoA	0.724484340636037	0.999999449729043	0.248873847110413	0.781620062087938	-0.12151
enhancer_mutagenesis_370_TtoC	0.959021742898596	0.999999449729043	0.0463061132479854	0.28524565760759	0.89676
enhancer_mutagenesis_370_TtoG	0.972647735282353	0.999999449729043	7.17651467937466e-05	0.0125254102870686	2.2662
enhancer_mutagenesis_371_TtoA	0.999921773804429	0.999999449729043	0.00210518454360168	0.06134108048103	1.5766
enhancer_mutagenesis_371_TtoC	0.915315450395895	0.999999449729043	0.316338675670217	0.875448893133856	0.18756
enhancer_mutagenesis_371_TtoG	0.965578344898552	0.999999449729043	0.00995027404398932	0.124149167685127	1.3081
enhancer_mutagenesis_372_TtoA	0.842359154997325	0.999999449729043	0.635941864625188	0.999998990089494	-0.39621
enhancer_mutagenesis_372_TtoC	0.731718853261605	0.999999449729043	0.843682032575164	0.999998990089494	-0.11539
enhancer_mutagenesis_372_TtoG	0.996776227536212	0.999999449729043	0.0206040349241244	0.180433793715187	0.89804
enhancer_mutagenesis_373_TtoA	0.99058112541138	0.999999449729043	0.0534320319476174	0.308116871451238	0.59653
enhancer_mutagenesis_373_TtoC	0.824222659567255	0.999999449729043	0.0748707073758115	0.376221711919145	-0.31381
enhancer_mutagenesis_373_TtoG	0.727846681353153	0.999999449729043	0.0623181724207559	0.339187059038543	0.74441
enhancer_mutagenesis_374_TtoA	0.455277681527921	0.999999449729043	0.979977693772936	0.999998990089494	-0.32421
enhancer_mutagenesis_374_TtoC	0.914131150186505	0.999999449729043	0.302561579962686	0.861372250023374	0.054378
enhancer_mutagenesis_374_TtoG	0.770903909028877	0.999999449729043	0.505116621470015	0.999998990089494	0.38954
enhancer_mutagenesis_375_CtoA	0.417679936807815	0.999999449729043	0.624120532710462	0.999998990089494	-0.37242
enhancer_mutagenesis_375_CtoG	0.992464622266613	0.999999449729043	0.199704483434177	0.689609836817828	0.74376
enhancer_mutagenesis_375_CtoT	0.541456518058448	0.999999449729043	0.256040921220845	0.79139921104625	0.099751
enhancer_mutagenesis_376_TtoA	0.928848092532865	0.999999449729043	0.121986865193923	0.506119830551016	0.21626
enhancer_mutagenesis_376_TtoC	0.990936824197293	0.999999449729043	0.0910133216055522	0.427012322514938	0.97253
enhancer_mutagenesis_376_TtoG	0.813496812162614	0.999999449729043	0.304733006102042	0.861372250023374	0.4687
enhancer_mutagenesis_377_TtoA	0.988620661050005	0.999999449729043	0.0116971325659052	0.134572706414751	1.1721
enhancer_mutagenesis_377_TtoC	0.997020932643925	0.999999449729043	0.0625934224939101	0.339924739287806	0.52563
enhancer_mutagenesis_377_TtoG	0.737163745941831	0.999999449729043	0.0649774309116344	0.347165130870732	0.6576
enhancer_mutagenesis_378_TtoA	0.704450107020641	0.999999449729043	0.420658496830237	0.999998990089494	-0.26156
enhancer_mutagenesis_378_TtoC	0.968507848383509	0.999999449729043	0.0335234531226824	0.233794430339963	1.6818
enhancer_mutagenesis_378_TtoG	0.845584625958198	0.999999449729043	0.0505667001831773	0.295499154195442	0.99634
enhancer_mutagenesis_38_CtoA	0.695137640934658	0.999999449729043	0.707265041119391	0.999998990089494	-0.35264
enhancer_mutagenesis_38_CtoG	0.547005818042075	0.999999449729043	0.26077938585931	0.799438445175262	-0.4115
enhancer_mutagenesis_38_CtoT	0.525092355451332	0.999999449729043	0.931321750619988	0.999998990089494	-0.068911
enhancer_mutagenesis_380_AtoC	0.998437358758838	0.999999449729043	0.00477918617025751	0.0884551319111493	1.6888
enhancer_mutagenesis_380_AtoG	0.988105312564889	0.999999449729043	0.119228790486224	0.495854453930978	0.86259
enhancer_mutagenesis_380_AtoT	0.777558172999529	0.999999449729043	0.0634884723819225	0.342001688674636	0.2465
enhancer_mutagenesis_381_TtoA	0.99897019217892	0.999999449729043	0.00315113256378501	0.0741903628488559	1.4783
enhancer_mutagenesis_381_TtoC	0.999997663911906	0.999999449729043	0.000264279624942271	0.0230628019366288	1.5029
enhancer_mutagenesis_381_TtoG	0.998564987913547	0.999999449729043	0.0119250756308934	0.135738469572518	1.195
enhancer_mutagenesis_382_TtoA	0.999478409842762	0.999999449729043	0.00761226865084405	0.110104526673534	0.92428
enhancer_mutagenesis_382_TtoC	0.893855965455027	0.999999449729043	0.142642357297425	0.552607192170428	0.52632
enhancer_mutagenesis_382_TtoG	0.32015450237286	0.999999449729043	0.258726177647023	0.796635797226772	0.60843
enhancer_mutagenesis_383_CtoA	0.176381158030367	0.898377182341442	0.771622374981546	0.999998990089494	-1.1989
enhancer_mutagenesis_383_CtoG	0.998073421694834	0.999999449729043	0.00706611003054117	0.105638483684752	1.2128
enhancer_mutagenesis_383_CtoT	0.800845874652878	0.999999449729043	0.279406972020075	0.829624668713811	0.61359
enhancer_mutagenesis_384_AtoC	0.92738548762255	0.999999449729043	0.0151218355583894	0.154231088098895	0.96022
enhancer_mutagenesis_384_AtoG	0.852847624312406	0.999999449729043	0.681361099933228	0.999998990089494	0.16349
enhancer_mutagenesis_384_AtoT	0.994918760272245	0.999999449729043	0.000940241141474347	0.0447554783341789	1.1037
enhancer_mutagenesis_385_GtoA	0.940483803633673	0.999999449729043	0.414430089090475	0.998612289203439	0.33605
enhancer_mutagenesis_385_GtoC	0.658313425490023	0.999999449729043	0.178837035991024	0.639611147847678	0.92326
enhancer_mutagenesis_385_GtoT	0.992140060464322	0.999999449729043	0.00460637912036978	0.0866397185784857	0.86009
enhancer_mutagenesis_386_AtoC	0.999023345425581	0.999999449729043	0.000440308849648376	0.0316679514663863	1.2909
enhancer_mutagenesis_386_AtoG	0.99970124879951	0.999999449729043	0.0112744680060933	0.132899956034836	1.1247
enhancer_mutagenesis_386_AtoT	0.992001208286251	0.999999449729043	0.0349076224181506	0.236756879509633	0.89104
enhancer_mutagenesis_387_GtoA	0.999954794059227	0.999999449729043	0.00179057346966718	0.0572753557825902	0.89434
enhancer_mutagenesis_387_GtoC	0.905726755543898	0.999999449729043	0.1048077638737	0.460380412451926	0.93746
enhancer_mutagenesis_387_GtoT	0.974452248079279	0.999999449729043	0.11652829922666	0.49125778965442	0.54391
enhancer_mutagenesis_388_AtoC	0.70598644144113	0.999999449729043	0.0984899329368571	0.446874600396347	0.85181
enhancer_mutagenesis_388_AtoG	0.888129715067567	0.999999449729043	0.0763455226458955	0.381436218104875	0.7518
enhancer_mutagenesis_388_AtoT	0.959745894681084	0.999999449729043	0.355369094472857	0.922972509255892	0.47296
enhancer_mutagenesis_389_CtoA	0.989885518310853	0.999999449729043	0.22611920325165	0.744745589306554	0.90781
enhancer_mutagenesis_389_CtoG	0.665282471967414	0.999999449729043	0.4609353828063	0.999998990089494	0.49712
enhancer_mutagenesis_389_CtoT	0.999759115675094	0.999999449729043	0.00890672135126198	0.11837025912356	0.75421
enhancer_mutagenesis_39_TtoA	0.750412580488726	0.999999449729043	0.343231570503853	0.908257126860204	0.17881
enhancer_mutagenesis_39_TtoC	0.0727582045096551	0.553723777343829	0.996929280765082	0.999998990089494	-0.64693
enhancer_mutagenesis_39_TtoG	0.921171065210772	0.999999449729043	0.606817774680075	0.999998990089494	0.085435
enhancer_mutagenesis_391_GtoA	0.99629254434452	0.999999449729043	0.0272858605792143	0.204860935190254	0.7036
enhancer_mutagenesis_391_GtoC	0.614538404629309	0.999999449729043	0.149833081332075	0.57097963162645	0.39904
enhancer_mutagenesis_391_GtoT	0.976099473900943	0.999999449729043	0.070507267631302	0.365520844868809	0.5703
enhancer_mutagenesis_392_GtoA	0.98201817522237	0.999999449729043	0.157721309868184	0.588559282690672	0.51325
enhancer_mutagenesis_392_GtoC	0.906888272701311	0.999999449729043	0.0957700109488271	0.437566995923262	0.66542
enhancer_mutagenesis_392_GtoT	0.971936192942348	0.999999449729043	0.0236452676332456	0.188326214631315	0.88979
enhancer_mutagenesis_393_AtoC	0.932360833534884	0.999999449729043	0.0351445169101548	0.237747662198412	1.106
enhancer_mutagenesis_393_AtoG	0.807657464146404	0.999999449729043	0.312665860849679	0.871735062518061	0.40203
enhancer_mutagenesis_393_AtoT	0.812314870629713	0.999999449729043	0.639323329550759	0.999998990089494	-0.22202
enhancer_mutagenesis_394_GtoA	0.860883540520472	0.999999449729043	0.773963861111581	0.999998990089494	-0.32086
enhancer_mutagenesis_394_GtoC	0.890974403605431	0.999999449729043	0.112230817975504	0.481869659428904	-0.045834
enhancer_mutagenesis_394_GtoT	0.358889608556949	0.999999449729043	0.667004413482367	0.999998990089494	0.30483
enhancer_mutagenesis_395_AtoC	0.829282421123969	0.999999449729043	0.457185792819947	0.999998990089494	0.3518
enhancer_mutagenesis_395_AtoG	0.754860041294859	0.999999449729043	0.137032083280248	0.543560597011651	0.91206
enhancer_mutagenesis_395_AtoT	0.75295550703257	0.999999449729043	0.390435677713431	0.96652499165138	0.30023
enhancer_mutagenesis_396_AtoC	0.590375958495501	0.999999449729043	0.438087337692633	0.999998990089494	0.31181
enhancer_mutagenesis_396_AtoG	0.998481428963402	0.999999449729043	0.001216515497086	0.0484337867523954	1.0908
enhancer_mutagenesis_396_AtoT	0.89568860954858	0.999999449729043	0.578719432789095	0.999998990089494	0.23645
enhancer_mutagenesis_397_AtoC	0.3104498859611	0.999999449729043	0.626122545258521	0.999998990089494	-1.3134
enhancer_mutagenesis_397_AtoG	0.727385369262016	0.999999449729043	0.0124348882937296	0.138764892038498	0.54048
enhancer_mutagenesis_397_AtoT	0.252375973150931	0.999999449729043	0.945783528139889	0.999998990089494	-0.2958
enhancer_mutagenesis_398_GtoA	0.807722677047821	0.999999449729043	0.574288941275956	0.999998990089494	0.041949
enhancer_mutagenesis_398_GtoC	0.901367022889696	0.999999449729043	0.324243057788474	0.89073276525732	0.28893
enhancer_mutagenesis_398_GtoT	0.843603296673559	0.999999449729043	0.160452579898987	0.591860805356636	-0.22468
enhancer_mutagenesis_399_GtoA	0.994901689469248	0.999999449729043	0.00105718427222799	0.0454631016603581	0.84214
enhancer_mutagenesis_399_GtoC	0.509984784005375	0.999999449729043	0.658145557056807	0.999998990089494	0.21919
enhancer_mutagenesis_399_GtoT	0.872510552377772	0.999999449729043	0.327340131860005	0.895482199800932	0.46805
enhancer_mutagenesis_4_AtoC	0.827800479999729	0.999999449729043	0.730235964688732	0.999998990089494	-0.27872
enhancer_mutagenesis_4_AtoG	0.990843380407468	0.999999449729043	0.0712191401812234	0.367021773028413	0.66474
enhancer_mutagenesis_4_AtoT	0.991151212695829	0.999999449729043	0.0145677020392131	0.151342237851825	0.92146
enhancer_mutagenesis_40_CtoA	0.614197298968617	0.999999449729043	0.93392787305764	0.999998990089494	-0.42369
enhancer_mutagenesis_40_CtoG	0.135497373606072	0.772006554396282	0.988207831947774	0.999998990089494	-0.42556
enhancer_mutagenesis_40_CtoT	0.82502821700062	0.999999449729043	0.879632524339227	0.999998990089494	-0.25881
enhancer_mutagenesis_400_GtoA	0.208962427936086	0.96996292836356	0.910187385069558	0.999998990089494	-1.6643
enhancer_mutagenesis_400_GtoC	0.298833566929183	0.999999449729043	0.993709930383381	0.999998990089494	-0.25353
enhancer_mutagenesis_400_GtoT	0.684834313574412	0.999999449729043	0.703067978599934	0.999998990089494	0.1135
enhancer_mutagenesis_401_AtoC	0.911586034953157	0.999999449729043	0.199928902270715	0.689609836817828	0.53894
enhancer_mutagenesis_401_AtoG	0.873238585627321	0.999999449729043	0.304448526400649	0.861372250023374	-0.13726
enhancer_mutagenesis_401_AtoT	0.503318167779139	0.999999449729043	0.573250899232312	0.999998990089494	-0.41996
enhancer_mutagenesis_402_GtoA	0.434641887319822	0.999999449729043	0.792914381720016	0.999998990089494	0.08412
enhancer_mutagenesis_402_GtoC	0.830827640900435	0.999999449729043	0.586433756107386	0.999998990089494	0.38514
enhancer_mutagenesis_402_GtoT	0.400659215050077	0.999999449729043	0.328014992409533	0.896391701595153	0.67912
enhancer_mutagenesis_403_AtoC	0.601351758556811	0.999999449729043	0.524496578785299	0.999998990089494	-0.17446
enhancer_mutagenesis_403_AtoG	0.277646580395448	0.999999449729043	0.703593591863537	0.999998990089494	0.14542
enhancer_mutagenesis_403_AtoT	0.739874984065707	0.999999449729043	0.486022834992233	0.999998990089494	0.15196
enhancer_mutagenesis_404_CtoA	0.545696262501922	0.999999449729043	0.627736607506384	0.999998990089494	-0.046687
enhancer_mutagenesis_404_CtoG	0.414152961996305	0.999999449729043	0.526187937783644	0.999998990089494	0.37559
enhancer_mutagenesis_404_CtoT	0.949996328158174	0.999999449729043	0.241878839272153	0.770978487747873	0.54593
enhancer_mutagenesis_406_TtoA	0.283670053557994	0.999999449729043	0.815781303527268	0.999998990089494	-0.94051
enhancer_mutagenesis_406_TtoC	0.232052781071105	0.999999449729043	0.598764129277839	0.999998990089494	-1.5517
enhancer_mutagenesis_406_TtoG	0.00942906911759175	0.163863310990045	0.946087973509535	0.999998990089494	-2.3432
enhancer_mutagenesis_407_AtoC	0.00196480333247915	0.0541458434150571	0.999948126493819	0.999998990089494	-1.6227
enhancer_mutagenesis_407_AtoG	0.0504717297413502	0.452125548135882	0.913214907336198	0.999998990089494	-0.98596
enhancer_mutagenesis_407_AtoT	0.811734370189567	0.999999449729043	0.102944703209011	0.457570853991835	0.8945
enhancer_mutagenesis_408_GtoA	0.147639978440235	0.810317533661498	0.881171964023693	0.999998990089494	-1.277
enhancer_mutagenesis_408_GtoC	0.229130218771566	0.994797533572075	0.898216290930345	0.999998990089494	-0.62053
enhancer_mutagenesis_408_GtoT	0.263634428759765	0.999999449729043	0.770148703665952	0.999998990089494	-0.12258
enhancer_mutagenesis_409_GtoA	0.503602620255644	0.999999449729043	0.234216021367527	0.757838991601227	0.5326
enhancer_mutagenesis_409_GtoC	0.867438308756763	0.999999449729043	0.639931458626349	0.999998990089494	-0.15379
enhancer_mutagenesis_409_GtoT	0.765614747222213	0.999999449729043	0.0931214941450169	0.431490392339211	0.91674
enhancer_mutagenesis_41_TtoA	0.291589569214045	0.999999449729043	0.924749679916616	0.999998990089494	-0.31365
enhancer_mutagenesis_41_TtoC	0.286060917916566	0.999999449729043	0.976647835703801	0.999998990089494	-0.54882
enhancer_mutagenesis_41_TtoG	0.4087439085565	0.999999449729043	0.533024067514549	0.999998990089494	-0.36065
enhancer_mutagenesis_410_GtoA	0.774623955945467	0.999999449729043	0.438534143596616	0.999998990089494	0.018992
enhancer_mutagenesis_410_GtoC	0.909281997209353	0.999999449729043	0.60302986692102	0.999998990089494	-0.28014
enhancer_mutagenesis_410_GtoT	0.775533211447285	0.999999449729043	0.365456812797443	0.935755826692238	0.30167
enhancer_mutagenesis_411_GtoA	0.979181915680713	0.999999449729043	0.104164863728222	0.459096991987348	0.64414
enhancer_mutagenesis_411_GtoC	0.627396143692704	0.999999449729043	0.604380119082336	0.999998990089494	-0.069494
enhancer_mutagenesis_411_GtoT	0.332200616921659	0.999999449729043	0.479346583953305	0.999998990089494	0.063496
enhancer_mutagenesis_412_AtoC	0.992249822475659	0.999999449729043	0.159449136514015	0.59127172718653	0.71275
enhancer_mutagenesis_412_AtoG	0.971783515784377	0.999999449729043	0.177623571261868	0.636572001529236	0.41979
enhancer_mutagenesis_412_AtoT	0.826021833127984	0.999999449729043	0.458622361661409	0.999998990089494	0.50263
enhancer_mutagenesis_413_GtoA	0.752244263400291	0.999999449729043	0.561145906962749	0.999998990089494	-0.012619
enhancer_mutagenesis_413_GtoC	0.993352108801191	0.999999449729043	0.124417873380934	0.514575027663959	0.65203
enhancer_mutagenesis_413_GtoT	0.801311946409401	0.999999449729043	0.52374732047687	0.999998990089494	-0.14019
enhancer_mutagenesis_414_GtoA	0.886011074734862	0.999999449729043	0.253965883046089	0.787775689353864	0.86829
enhancer_mutagenesis_414_GtoC	0.883132931390794	0.999999449729043	0.215234478595448	0.721490224024178	0.56801
enhancer_mutagenesis_414_GtoT	0.795495805084747	0.999999449729043	0.265215423115427	0.807365090367659	-0.29222
enhancer_mutagenesis_415_AtoC	0.472232774255379	0.999999449729043	0.951843539736519	0.999998990089494	-0.18024
enhancer_mutagenesis_415_AtoG	0.830164380098015	0.999999449729043	0.410485321755743	0.993207553009736	-0.16875
enhancer_mutagenesis_415_AtoT	0.199942449396438	0.951230998585547	0.933696263697996	0.999998990089494	-0.7244
enhancer_mutagenesis_416_CtoA	0.84901362058737	0.999999449729043	0.527295297887707	0.999998990089494	-0.047867
enhancer_mutagenesis_416_CtoG	0.808075665428386	0.999999449729043	0.5873675132558	0.999998990089494	-0.13316
enhancer_mutagenesis_416_CtoT	0.941966855114886	0.999999449729043	0.719723612905734	0.999998990089494	0.065208
enhancer_mutagenesis_417_CtoA	0.433830108486463	0.999999449729043	0.959112930605541	0.999998990089494	-0.1505
enhancer_mutagenesis_417_CtoG	0.0708321873876055	0.547016715577437	0.996470489259983	0.999998990089494	-0.62888
enhancer_mutagenesis_417_CtoT	0.112662617560529	0.690751130617016	0.973189647431457	0.999998990089494	-0.86439
enhancer_mutagenesis_418_CtoA	0.237334483463295	0.999999449729043	0.860525099492876	0.999998990089494	-1.0118
enhancer_mutagenesis_418_CtoG	0.641753158138463	0.999999449729043	0.809303906952053	0.999998990089494	-0.25168
enhancer_mutagenesis_418_CtoT	0.093753342590142	0.620414993719096	0.992939731438185	0.999998990089494	-0.9348
enhancer_mutagenesis_419_GtoA	0.0671827071967283	0.53933679836464	0.897897083633118	0.999998990089494	-1.3149
enhancer_mutagenesis_419_GtoC	0.10794653683289	0.678655582024836	0.954517203778957	0.999998990089494	-0.81532
enhancer_mutagenesis_419_GtoT	0.113677951541635	0.692818745021286	0.917178764193022	0.999998990089494	-0.20493
enhancer_mutagenesis_42_GtoA	0.785010624333375	0.999999449729043	0.923563278034082	0.999998990089494	-0.21699
enhancer_mutagenesis_42_GtoC	0.7037023797893	0.999999449729043	0.817723222863297	0.999998990089494	-0.082682
enhancer_mutagenesis_42_GtoT	0.733915872199515	0.999999449729043	0.789763448423905	0.999998990089494	0.014285
enhancer_mutagenesis_420_AtoC	0.0885561022634636	0.60691066943913	0.959577380075246	0.999998990089494	-0.82722
enhancer_mutagenesis_420_AtoG	0.590797406627034	0.999999449729043	0.521413835125674	0.999998990089494	0.39902
enhancer_mutagenesis_420_AtoT	0.188012412322302	0.926961385046679	0.924644423555834	0.999998990089494	-1.261
enhancer_mutagenesis_421_GtoA	0.0647936016317796	0.523548299604936	0.993867875876859	0.999998990089494	-1.2222
enhancer_mutagenesis_421_GtoC	0.0428488672570147	0.413942193648946	0.99573028519209	0.999998990089494	-0.67838
enhancer_mutagenesis_421_GtoT	0.13009247332283	0.74775529541819	0.976591497935555	0.999998990089494	-0.51438
enhancer_mutagenesis_422_GtoA	0.0199302585547222	0.259026907240179	0.998921515841557	0.999998990089494	-1.1779
enhancer_mutagenesis_422_GtoC	0.187765946112266	0.926961385046679	0.427035856612466	0.999998990089494	-0.029453
enhancer_mutagenesis_422_GtoT	0.00484731027046459	0.0983740952564055	0.999314853963689	0.999998990089494	-1.5644
enhancer_mutagenesis_423_CtoA	0.0927291492456363	0.620414993719096	0.9728857468777	0.999998990089494	-0.55576
enhancer_mutagenesis_423_CtoG	0.326371776709802	0.999999449729043	0.974027930582672	0.999998990089494	-0.2334
enhancer_mutagenesis_423_CtoT	0.117599784801742	0.702913782216805	0.914566186261624	0.999998990089494	-1.0712
enhancer_mutagenesis_424_AtoC	0.31921959192116	0.999999449729043	0.966895503423485	0.999998990089494	0.089646
enhancer_mutagenesis_424_AtoG	0.607863614702209	0.999999449729043	0.965900653358002	0.999998990089494	-0.39757
enhancer_mutagenesis_424_AtoT	0.499394278244192	0.999999449729043	0.408696056721285	0.992547566323121	0.020397
enhancer_mutagenesis_425_GtoA	0.853971062683982	0.999999449729043	0.579376487107417	0.999998990089494	-0.17297
enhancer_mutagenesis_425_GtoC	0.621957867066053	0.999999449729043	0.00463314003093507	0.0866397185784857	-0.71647
enhancer_mutagenesis_425_GtoT	0.50297256399919	0.999999449729043	0.915761340783587	0.999998990089494	-0.20066
enhancer_mutagenesis_426_TtoA	0.436468748023651	0.999999449729043	0.962422011815431	0.999998990089494	-0.42006
enhancer_mutagenesis_426_TtoC	0.627488441346165	0.999999449729043	0.744318778420924	0.999998990089494	-0.34885
enhancer_mutagenesis_426_TtoG	0.303580718449773	0.999999449729043	0.695336317480531	0.999998990089494	-0.47859
enhancer_mutagenesis_427_TtoA	0.557326476249656	0.999999449729043	0.756181355006458	0.999998990089494	0.23683
enhancer_mutagenesis_427_TtoC	0.185229189683103	0.921920187434151	0.796135788920092	0.999998990089494	-1.0165
enhancer_mutagenesis_427_TtoG	0.240774635251495	0.999999449729043	0.899697270033327	0.999998990089494	-0.51204
enhancer_mutagenesis_428_GtoA	0.41185982977534	0.999999449729043	0.927866071647272	0.999998990089494	-0.19146
enhancer_mutagenesis_428_GtoC	0.271438649097713	0.999999449729043	0.971552070746733	0.999998990089494	0.025957
enhancer_mutagenesis_428_GtoT	0.774804997247305	0.999999449729043	0.00304507566088475	0.0732774030661891	0.58485
enhancer_mutagenesis_429_CtoA	0.0107977635240806	0.17744427662427	0.999696962955812	0.999998990089494	-1.0431
enhancer_mutagenesis_429_CtoG	0.127304300205343	0.740628128750194	0.953511610452574	0.999998990089494	-0.91291
enhancer_mutagenesis_429_CtoT	0.00499849959166818	0.0998936788624985	0.999919565448491	0.999998990089494	-1.4999
enhancer_mutagenesis_43_TtoA	0.11014056014429	0.686197499143386	0.980617295462486	0.999998990089494	-0.88427
enhancer_mutagenesis_43_TtoC	0.155469664733074	0.840949550147084	0.791343698893086	0.999998990089494	-0.70303
enhancer_mutagenesis_43_TtoG	0.607151154050331	0.999999449729043	0.939205544871257	0.999998990089494	-0.25647
enhancer_mutagenesis_430_CtoA	0.239128425008206	0.999999449729043	0.231402132661588	0.754576260489793	0.1121
enhancer_mutagenesis_430_CtoG	0.0938723266868578	0.620414993719096	0.949241528823124	0.999998990089494	-0.9459
enhancer_mutagenesis_430_CtoT	0.227690203140098	0.991835194377333	0.669594474790344	0.999998990089494	-1.4367
enhancer_mutagenesis_431_TtoA	0.662729040259449	0.999999449729043	0.770232503062279	0.999998990089494	0.20599
enhancer_mutagenesis_431_TtoC	0.0848438775956775	0.592323390787956	0.995278563130852	0.999998990089494	-0.50379
enhancer_mutagenesis_431_TtoG	0.274952550401489	0.999999449729043	0.783045795201951	0.999998990089494	-1.0072
enhancer_mutagenesis_432_TtoA	0.102573851738031	0.656572967848812	0.797633600637971	0.999998990089494	-0.85229
enhancer_mutagenesis_432_TtoC	0.254495772460336	0.999999449729043	0.988691164470949	0.999998990089494	-0.49155
enhancer_mutagenesis_432_TtoG	0.0851443248437651	0.59284000649196	0.974869805660882	0.999998990089494	-0.70243
enhancer_mutagenesis_433_CtoA	0.421909029265881	0.999999449729043	0.864270655810911	0.999998990089494	-0.28855
enhancer_mutagenesis_433_CtoG	0.459911160304071	0.999999449729043	0.535439457106773	0.999998990089494	-0.38507
enhancer_mutagenesis_433_CtoT	0.197014336347576	0.951230998585547	0.979864429409398	0.999998990089494	-0.7841
enhancer_mutagenesis_434_TtoA	0.504378028945449	0.999999449729043	0.789473544577537	0.999998990089494	0.26646
enhancer_mutagenesis_434_TtoC	0.79131635031454	0.999999449729043	0.597628904934052	0.999998990089494	0.03345
enhancer_mutagenesis_434_TtoG	0.972335476588129	0.999999449729043	0.236400904995652	0.757838991601227	0.32886
enhancer_mutagenesis_435_GtoA	0.0854521304050276	0.59340497984181	0.997377515918789	0.999998990089494	-0.81205
enhancer_mutagenesis_435_GtoC	0.692426593240366	0.999999449729043	0.633210749886227	0.999998990089494	0.37428
enhancer_mutagenesis_435_GtoT	0.18431071937831	0.920850120863387	0.986282631817124	0.999998990089494	-0.66375
enhancer_mutagenesis_436_AtoC	0.465784484861693	0.999999449729043	0.158043229843981	0.588559282690672	0.60231
enhancer_mutagenesis_436_AtoG	0.653989010088759	0.999999449729043	0.204312578228182	0.697379830249518	0.93222
enhancer_mutagenesis_436_AtoT	0.778740694348466	0.999999449729043	0.892330130456969	0.999998990089494	0.059151
enhancer_mutagenesis_437_AtoC	0.242759407232634	0.999999449729043	0.981841190279639	0.999998990089494	-0.34728
enhancer_mutagenesis_437_AtoG	0.167505986173194	0.873567075301638	0.988040947520632	0.999998990089494	-0.91058
enhancer_mutagenesis_437_AtoT	0.519212775905457	0.999999449729043	0.434506528671872	0.999998990089494	-0.80807
enhancer_mutagenesis_438_CtoA	0.707492615991497	0.999999449729043	0.775354362461009	0.999998990089494	0.19865
enhancer_mutagenesis_438_CtoG	0.367133956423208	0.999999449729043	0.957183687044023	0.999998990089494	-0.60551
enhancer_mutagenesis_438_CtoT	0.348358680589761	0.999999449729043	0.98814124955991	0.999998990089494	-0.36135
enhancer_mutagenesis_439_AtoC	0.0239733092837187	0.286663991025563	0.997794721402413	0.999998990089494	-1.5239
enhancer_mutagenesis_439_AtoG	0.303641562132046	0.999999449729043	0.697560033044713	0.999998990089494	-0.81119
enhancer_mutagenesis_439_AtoT	0.10070921663468	0.648565166168204	0.496874371605124	0.999998990089494	-0.95399
enhancer_mutagenesis_44_GtoA	0.340007666784577	0.999999449729043	0.987877592936444	0.999998990089494	-0.55092
enhancer_mutagenesis_44_GtoC	0.143111074341125	0.797488584118129	0.991381690162666	0.999998990089494	-0.85246
enhancer_mutagenesis_44_GtoT	0.728972800207522	0.999999449729043	0.699722861422278	0.999998990089494	-0.11827
enhancer_mutagenesis_440_TtoA	0.64962506577023	0.999999449729043	0.596106743904894	0.999998990089494	-0.099809
enhancer_mutagenesis_440_TtoC	0.267433759289769	0.999999449729043	0.760221738521446	0.999998990089494	-0.67806
enhancer_mutagenesis_440_TtoG	0.365772894370172	0.999999449729043	0.827388474808262	0.999998990089494	-0.48816
enhancer_mutagenesis_441_CtoA	0.416507954041038	0.999999449729043	0.704446894693177	0.999998990089494	-0.22709
enhancer_mutagenesis_441_CtoG	0.770126122633984	0.999999449729043	0.726596160111595	0.999998990089494	0.0804
enhancer_mutagenesis_441_CtoT	0.701426719567583	0.999999449729043	0.369772097668649	0.941695867409068	0.35222
enhancer_mutagenesis_442_CtoA	0.189710494889142	0.933575330112356	0.964361744525505	0.999998990089494	-0.38458
enhancer_mutagenesis_442_CtoG	0.42970312369877	0.999999449729043	0.886677365046827	0.999998990089494	-0.22967
enhancer_mutagenesis_442_CtoT	0.976584076953714	0.999999449729043	0.388249016067649	0.96619384416835	0.33727
enhancer_mutagenesis_443_GtoA	0.436638687426214	0.999999449729043	0.952314424034473	0.999998990089494	-0.32014
enhancer_mutagenesis_443_GtoC	0.200982878966298	0.951230998585547	0.96937581783461	0.999998990089494	-0.12355
enhancer_mutagenesis_443_GtoT	0.501477916622552	0.999999449729043	0.970058219812162	0.999998990089494	-0.2901
enhancer_mutagenesis_444_GtoA	0.672308688087419	0.999999449729043	0.787405881813814	0.999998990089494	-0.23315
enhancer_mutagenesis_444_GtoC	0.417759134963157	0.999999449729043	0.859332445208604	0.999998990089494	-0.30267
enhancer_mutagenesis_444_GtoT	0.748794274983753	0.999999449729043	0.77662402016242	0.999998990089494	-0.28107
enhancer_mutagenesis_445_GtoA	0.0394933634359254	0.391642520739593	0.998973690871629	0.999998990089494	-0.67206
enhancer_mutagenesis_445_GtoC	0.947664434264125	0.999999449729043	0.501660757943652	0.999998990089494	0.26241
enhancer_mutagenesis_445_GtoT	0.45141148917766	0.999999449729043	0.695621475086812	0.999998990089494	-0.54526
enhancer_mutagenesis_446_GtoA	0.480712347117154	0.999999449729043	0.896050467813038	0.999998990089494	-0.34025
enhancer_mutagenesis_446_GtoC	0.327869890956477	0.999999449729043	0.945686225788052	0.999998990089494	-0.39219
enhancer_mutagenesis_446_GtoT	0.248285289419015	0.999999449729043	0.706930201936264	0.999998990089494	-0.62519
enhancer_mutagenesis_447_AtoC	0.518208674128704	0.999999449729043	0.93460986379405	0.999998990089494	-0.56407
enhancer_mutagenesis_447_AtoG	0.0762865880130321	0.564214448564668	0.994332524330537	0.999998990089494	-0.63072
enhancer_mutagenesis_447_AtoT	0.194219433180324	0.948631485197928	0.977020314769191	0.999998990089494	-0.47634
enhancer_mutagenesis_448_GtoA	0.766631133927091	0.999999449729043	0.345294623100445	0.909437950982863	0.5735
enhancer_mutagenesis_448_GtoC	0.287663250622608	0.999999449729043	0.963823675362323	0.999998990089494	-0.45577
enhancer_mutagenesis_448_GtoT	0.0209634186634714	0.267718195419356	0.99708904031026	0.999998990089494	-0.92405
enhancer_mutagenesis_449_CtoA	0.366310426825527	0.999999449729043	0.9275908017239	0.999998990089494	-0.30418
enhancer_mutagenesis_449_CtoG	0.247130845938766	0.999999449729043	0.98842576954487	0.999998990089494	-0.35103
enhancer_mutagenesis_449_CtoT	0.643639800079432	0.999999449729043	0.917137928363092	0.999998990089494	-0.26204
enhancer_mutagenesis_45_GtoA	0.144657222167326	0.802357219563685	0.763606249475925	0.999998990089494	-0.1012
enhancer_mutagenesis_45_GtoC	0.199495914915166	0.951230998585547	0.993042954620204	0.999998990089494	-0.47219
enhancer_mutagenesis_45_GtoT	0.72475605599635	0.999999449729043	0.751496068120948	0.999998990089494	-0.41606
enhancer_mutagenesis_450_CtoA	0.322384102526412	0.999999449729043	0.987261471219455	0.999998990089494	-0.39677
enhancer_mutagenesis_450_CtoG	0.564468518607561	0.999999449729043	0.608607305767432	0.999998990089494	-0.61662
enhancer_mutagenesis_450_CtoT	0.844788320512122	0.999999449729043	0.34173992845111	0.908257126860204	0.4043
enhancer_mutagenesis_451_AtoC	0.0226309343788393	0.278500705914862	0.856212676419826	0.999998990089494	-1.6588
enhancer_mutagenesis_451_AtoG	0.566298197157827	0.999999449729043	0.506396761317744	0.999998990089494	-0.11354
enhancer_mutagenesis_451_AtoT	0.348084270890128	0.999999449729043	0.979239562582317	0.999998990089494	-0.44223
enhancer_mutagenesis_452_GtoA	0.659681968835997	0.999999449729043	0.847501592771394	0.999998990089494	-0.019906
enhancer_mutagenesis_452_GtoC	0.873073847069353	0.999999449729043	0.350603263119988	0.919718780408946	0.44252
enhancer_mutagenesis_452_GtoT	0.639370045988894	0.999999449729043	0.590032335528305	0.999998990089494	0.06928
enhancer_mutagenesis_453_AtoC	0.209656117467975	0.96996292836356	0.983487637572704	0.999998990089494	-0.51914
enhancer_mutagenesis_453_AtoG	0.740666637288735	0.999999449729043	0.799241001918129	0.999998990089494	0.19569
enhancer_mutagenesis_453_AtoT	0.197826027180005	0.951230998585547	0.908147886883076	0.999998990089494	-0.44211
enhancer_mutagenesis_454_CtoA	0.635536410755613	0.999999449729043	0.2862988189411	0.837285602978758	0.49651
enhancer_mutagenesis_454_CtoG	0.322459737164553	0.999999449729043	0.799707341035476	0.999998990089494	-0.72098
enhancer_mutagenesis_454_CtoT	0.707642699314345	0.999999449729043	0.645194311182632	0.999998990089494	0.18657
enhancer_mutagenesis_455_TtoA	0.288407218750027	0.999999449729043	0.882106772907372	0.999998990089494	-0.58688
enhancer_mutagenesis_455_TtoC	0.529627743210399	0.999999449729043	0.892722724416975	0.999998990089494	0.38833
enhancer_mutagenesis_455_TtoG	0.730812096679349	0.999999449729043	0.873112338304453	0.999998990089494	-0.21486
enhancer_mutagenesis_456_GtoA	0.648753511130557	0.999999449729043	0.202101014415066	0.694357553462787	0.14079
enhancer_mutagenesis_456_GtoC	0.410853532533259	0.999999449729043	0.886261602565966	0.999998990089494	-0.58133
enhancer_mutagenesis_456_GtoT	0.0359356280788422	0.373331247263527	0.983622764962944	0.999998990089494	-1.1405
enhancer_mutagenesis_457_GtoA	0.486874546101487	0.999999449729043	0.344965636560565	0.909437950982863	-0.54412
enhancer_mutagenesis_457_GtoC	0.989613075485761	0.999999449729043	0.0789494354517172	0.390717621951976	0.76721
enhancer_mutagenesis_457_GtoT	0.0339765223640827	0.36455137520151	0.981508158018535	0.999998990089494	-1.1867
enhancer_mutagenesis_458_GtoA	0.0171525511577108	0.238858398568547	0.995750099328801	0.999998990089494	-1.4362
enhancer_mutagenesis_458_GtoC	0.0922381185636915	0.620414993719096	0.649783918468827	0.999998990089494	-0.76842
enhancer_mutagenesis_458_GtoT	0.368246172103491	0.999999449729043	0.915568601721101	0.999998990089494	-0.31409
enhancer_mutagenesis_459_TtoA	0.65020986913561	0.999999449729043	0.72851082661491	0.999998990089494	0.16121
enhancer_mutagenesis_459_TtoC	0.744216493598994	0.999999449729043	0.799926868594793	0.999998990089494	0.099986
enhancer_mutagenesis_459_TtoG	0.0697254070039459	0.541665031265075	0.991519585467146	0.999998990089494	-0.93285
enhancer_mutagenesis_46_CtoA	0.313745340447503	0.999999449729043	0.766722247441137	0.999998990089494	-0.61626
enhancer_mutagenesis_46_CtoG	0.436308666384566	0.999999449729043	0.982132506098092	0.999998990089494	-0.31637
enhancer_mutagenesis_46_CtoT	0.595361787585375	0.999999449729043	0.9242161626678	0.999998990089494	-0.1016
enhancer_mutagenesis_460_TtoA	0.406350376642321	0.999999449729043	0.295390593366965	0.853567961848471	-0.087576
enhancer_mutagenesis_460_TtoC	0.663516835741897	0.999999449729043	0.941723252591338	0.999998990089494	-0.093399
enhancer_mutagenesis_460_TtoG	0.107610198467229	0.678655582024836	0.967177627841324	0.999998990089494	-0.76024
enhancer_mutagenesis_461_CtoA	0.276831317964046	0.999999449729043	0.557952374218152	0.999998990089494	-0.40236
enhancer_mutagenesis_461_CtoG	0.76358851972814	0.999999449729043	0.856952141955191	0.999998990089494	0.26613
enhancer_mutagenesis_461_CtoT	0.721276218862877	0.999999449729043	0.835607563262142	0.999998990089494	-0.0042029
enhancer_mutagenesis_462_CtoA	0.572240947763228	0.999999449729043	0.952697184738161	0.999998990089494	-0.32814
enhancer_mutagenesis_462_CtoG	0.0131103696336264	0.19802925847426	0.999713941661321	0.999998990089494	-0.84958
enhancer_mutagenesis_462_CtoT	0.770160314507355	0.999999449729043	0.865571419334678	0.999998990089494	0.11415
enhancer_mutagenesis_463_AtoC	0.315244781440329	0.999999449729043	0.752815383577042	0.999998990089494	0.095427
enhancer_mutagenesis_463_AtoG	0.148639330811951	0.81404143951218	0.949169476816889	0.999998990089494	-0.74887
enhancer_mutagenesis_463_AtoT	0.186821030106875	0.924569861663134	0.8466709345012	0.999998990089494	-0.94588
enhancer_mutagenesis_464_CtoA	0.619892787818587	0.999999449729043	0.55349002928806	0.999998990089494	0.32731
enhancer_mutagenesis_464_CtoG	0.822731944240215	0.999999449729043	0.72555360349419	0.999998990089494	0.15871
enhancer_mutagenesis_464_CtoT	0.185911238004194	0.923559053311159	0.950946041100499	0.999998990089494	-0.21227
enhancer_mutagenesis_465_TtoA	0.630908949988133	0.999999449729043	0.826331632638427	0.999998990089494	-0.16021
enhancer_mutagenesis_465_TtoC	0.446464412194487	0.999999449729043	0.925853174957867	0.999998990089494	-0.18699
enhancer_mutagenesis_465_TtoG	0.0490564051929953	0.445936349983548	0.991712884095252	0.999998990089494	-0.70686
enhancer_mutagenesis_466_GtoA	0.0148548590264434	0.215587487459586	0.997982258583606	0.999998990089494	-1.4454
enhancer_mutagenesis_466_GtoC	0.456617056428004	0.999999449729043	0.884013566742391	0.999998990089494	-0.61724
enhancer_mutagenesis_466_GtoT	0.569640398072381	0.999999449729043	0.911749023895904	0.999998990089494	-0.10854
enhancer_mutagenesis_467_TtoA	0.0140431648154434	0.207711895405824	0.999708537095443	0.999998990089494	-1.0028
enhancer_mutagenesis_467_TtoC	0.138451227692997	0.782862449460615	0.95266399986948	0.999998990089494	-0.56168
enhancer_mutagenesis_467_TtoG	0.217451136571749	0.982910442122914	0.970814449022365	0.999998990089494	-0.80987
enhancer_mutagenesis_468_GtoA	0.166009265293423	0.867489534008347	0.690446725802588	0.999998990089494	-1.3988
enhancer_mutagenesis_468_GtoC	0.238548873290034	0.999999449729043	0.851351546846077	0.999998990089494	-0.69263
enhancer_mutagenesis_468_GtoT	0.136236450775814	0.772006554396282	0.93409582367074	0.999998990089494	-1.2216
enhancer_mutagenesis_469_CtoA	0.213261536099646	0.96996292836356	0.986054926844363	0.999998990089494	-0.78627
enhancer_mutagenesis_469_CtoG	0.0236828210531803	0.286663991025563	0.994392462941624	0.999998990089494	-0.95035
enhancer_mutagenesis_469_CtoT	0.284860211453963	0.999999449729043	0.989150830377468	0.999998990089494	-0.66555
enhancer_mutagenesis_47_TtoA	0.227381427074741	0.991835194377333	0.963469751883644	0.999998990089494	-0.59462
enhancer_mutagenesis_47_TtoC	0.699540155543878	0.999999449729043	0.887279057830826	0.999998990089494	-0.21568
enhancer_mutagenesis_47_TtoG	0.611938928928239	0.999999449729043	0.517418341248462	0.999998990089494	-0.37205
enhancer_mutagenesis_470_TtoA	0.021344028830793	0.270030086375691	0.99682269755313	0.999998990089494	-1.0736
enhancer_mutagenesis_470_TtoC	0.240419485274343	0.999999449729043	0.963811046460914	0.999998990089494	-0.65691
enhancer_mutagenesis_470_TtoG	0.110650599228615	0.686197499143386	0.980898936148894	0.999998990089494	-0.68875
enhancer_mutagenesis_471_TtoA	0.0386540847961702	0.388048233820453	0.998981694287597	0.999998990089494	-0.97284
enhancer_mutagenesis_471_TtoC	0.591073658106446	0.999999449729043	0.89376232291352	0.999998990089494	-0.13188
enhancer_mutagenesis_471_TtoG	0.0602873120520792	0.501054549055059	0.9931685281913	0.999998990089494	-0.81492
enhancer_mutagenesis_472_GtoA	0.548349987147619	0.999999449729043	0.871625617597129	0.999998990089494	-0.24361
enhancer_mutagenesis_472_GtoC	0.6819671113723	0.999999449729043	0.811790937070115	0.999998990089494	-0.26754
enhancer_mutagenesis_472_GtoT	0.376861299374102	0.999999449729043	0.68585119250967	0.999998990089494	-0.55655
enhancer_mutagenesis_473_GtoA	0.0984564940943498	0.639600748235751	0.83919282730311	0.999998990089494	-1.163
enhancer_mutagenesis_473_GtoC	0.827366507055301	0.999999449729043	0.172494828002826	0.623745110098617	0.33825
enhancer_mutagenesis_473_GtoT	0.0410508558253127	0.401011718472644	0.99778296426875	0.999998990089494	-0.81341
enhancer_mutagenesis_474_AtoC	0.0373375148825744	0.3803486924614	0.99861225034622	0.999998990089494	-0.78405
enhancer_mutagenesis_474_AtoG	0.0122224818676581	0.191607530116939	0.993616910105141	0.999998990089494	-2.5273
enhancer_mutagenesis_474_AtoT	0.497909876333621	0.999999449729043	0.633734107734202	0.999998990089494	-0.22504
enhancer_mutagenesis_475_AtoC	0.00401985375529016	0.0876998094279136	0.978388757230118	0.999998990089494	-2.1531
enhancer_mutagenesis_475_AtoG	0.03389677723489	0.36455137520151	0.949265947755736	0.999998990089494	-0.12891
enhancer_mutagenesis_475_AtoT	0.782429455216085	0.999999449729043	0.892420343823528	0.999998990089494	0.086342
enhancer_mutagenesis_476_TtoA	0.0169001142461123	0.236601599445572	0.986907183187681	0.999998990089494	-1.542
enhancer_mutagenesis_476_TtoC	0.0213507363941054	0.270030086375691	0.997113301823408	0.999998990089494	-1.0483
enhancer_mutagenesis_476_TtoG	0.760847467935016	0.999999449729043	0.152964537708614	0.578047907731584	0.56742
enhancer_mutagenesis_477_TtoA	0.00195549293261399	0.0541458434150571	0.999938609798824	0.999998990089494	-1.2631
enhancer_mutagenesis_477_TtoC	0.256825663567104	0.999999449729043	0.985358326155224	0.999998990089494	-0.55475
enhancer_mutagenesis_477_TtoG	0.0549071141838113	0.470217787233575	0.993491029928273	0.999998990089494	-1.0464
enhancer_mutagenesis_478_TtoA	0.0927127344712092	0.620414993719096	0.824059151187435	0.999998990089494	-0.74929
enhancer_mutagenesis_478_TtoC	0.275638529586607	0.999999449729043	0.992309542696927	0.999998990089494	-0.4157
enhancer_mutagenesis_478_TtoG	0.0390469481223997	0.388978287005986	0.827557253944502	0.999998990089494	-1.4571
enhancer_mutagenesis_479_GtoA	0.0525990316435659	0.459014216142851	0.948800529490413	0.999998990089494	-0.6734
enhancer_mutagenesis_479_GtoC	0.246705029088699	0.999999449729043	0.840249816332141	0.999998990089494	-0.18655
enhancer_mutagenesis_479_GtoT	0.254053110056717	0.999999449729043	0.438154750423761	0.999998990089494	-0.86721
enhancer_mutagenesis_48_TtoA	0.783805780460988	0.999999449729043	0.508957707144027	0.999998990089494	0.20999
enhancer_mutagenesis_48_TtoC	0.25960428358842	0.999999449729043	0.294894414275509	0.853075775219096	-0.79498
enhancer_mutagenesis_48_TtoG	0.0684875397423869	0.53933679836464	0.996933723782429	0.999998990089494	-0.75144
enhancer_mutagenesis_480_GtoA	0.0148460450649778	0.215587487459586	0.952125644169973	0.999998990089494	-1.9039
enhancer_mutagenesis_480_GtoC	0.228397384029493	0.993263042174774	0.974496863241393	0.999998990089494	-0.31652
enhancer_mutagenesis_480_GtoT	0.341021717691564	0.999999449729043	0.64855693956885	0.999998990089494	-0.29426
enhancer_mutagenesis_481_CtoA	0.0126066288086972	0.194142083653937	0.998733117576248	0.999998990089494	-0.8646
enhancer_mutagenesis_481_CtoG	0.0051359017748135	0.101096171777908	0.998815277069646	0.999998990089494	-2.3561
enhancer_mutagenesis_481_CtoT	0.271266786633019	0.999999449729043	0.959794809196392	0.999998990089494	0.093887
enhancer_mutagenesis_482_AtoC	0.737996532625813	0.999999449729043	0.937861560439883	0.999998990089494	-0.32954
enhancer_mutagenesis_482_AtoG	0.0406508707412855	0.400090148874758	0.980994442760708	0.999998990089494	-1.3176
enhancer_mutagenesis_482_AtoT	0.0782367146688896	0.570539607251123	0.558760948433715	0.999998990089494	-1.1716
enhancer_mutagenesis_483_CtoA	0.050946156111568	0.452125548135882	0.99498149440862	0.999998990089494	-1.1765
enhancer_mutagenesis_483_CtoG	0.252381072021861	0.999999449729043	0.985469931083495	0.999998990089494	-0.58292
enhancer_mutagenesis_483_CtoT	0.849093842924959	0.999999449729043	0.379737244129973	0.954997219147233	0.12247
enhancer_mutagenesis_484_TtoA	0.267497668908018	0.999999449729043	0.880753429959834	0.999998990089494	-0.40022
enhancer_mutagenesis_484_TtoC	0.781077708834826	0.999999449729043	0.880779139197433	0.999998990089494	-0.26132
enhancer_mutagenesis_484_TtoG	0.0263553362381812	0.305302080847604	0.978482048566517	0.999998990089494	-1.9315
enhancer_mutagenesis_485_TtoA	0.249885837060187	0.999999449729043	0.942729337017413	0.999998990089494	-0.42923
enhancer_mutagenesis_485_TtoC	0.406688896703533	0.999999449729043	0.977022196972303	0.999998990089494	-0.5195
enhancer_mutagenesis_485_TtoG	0.0135463125213152	0.202652835318876	0.999528110190085	0.999998990089494	-1.0078
enhancer_mutagenesis_486_TtoA	0.0118778525715806	0.188461927469079	0.999808087742025	0.999998990089494	-1.4876
enhancer_mutagenesis_486_TtoC	0.0381960242511746	0.386089542430792	0.995143427853885	0.999998990089494	-1.3387
enhancer_mutagenesis_486_TtoG	0.531544135883994	0.999999449729043	0.684776131752053	0.999998990089494	0.23456
enhancer_mutagenesis_487_GtoA	0.0605183341348949	0.501382907484667	0.824874178102078	0.999998990089494	-1.3749
enhancer_mutagenesis_487_GtoC	0.129823483335964	0.74775529541819	0.549011631327601	0.999998990089494	-1.3844
enhancer_mutagenesis_487_GtoT	0.339666543102447	0.999999449729043	0.341870008258678	0.908257126860204	-0.39014
enhancer_mutagenesis_488_GtoA	0.0361623095429819	0.374201290053464	0.991987306335309	0.999998990089494	-1.9643
enhancer_mutagenesis_488_GtoC	0.190477556456925	0.935591449914126	0.900163754832644	0.999998990089494	-0.56744
enhancer_mutagenesis_488_GtoT	0.00256321422557771	0.0645239888707927	0.999974245677832	0.999998990089494	-1.579
enhancer_mutagenesis_489_TtoA	0.68090256761757	0.999999449729043	0.31776562714714	0.878469283918915	0.24042
enhancer_mutagenesis_489_TtoC	0.312639989140213	0.999999449729043	0.975980526634548	0.999998990089494	-0.45421
enhancer_mutagenesis_489_TtoG	0.510060259921502	0.999999449729043	0.453567194112008	0.999998990089494	-0.1087
enhancer_mutagenesis_49_GtoA	0.0823458990947592	0.588214609013045	0.992547963347514	0.999998990089494	-0.76403
enhancer_mutagenesis_49_GtoC	0.213106725318396	0.96996292836356	0.924637857336216	0.999998990089494	-0.8195
enhancer_mutagenesis_49_GtoT	0.751490363823381	0.999999449729043	0.786565378800786	0.999998990089494	-0.12494
enhancer_mutagenesis_490_AtoC	0.318415417624699	0.999999449729043	0.876192680135517	0.999998990089494	-0.23798
enhancer_mutagenesis_490_AtoG	0.783058977211468	0.999999449729043	0.0807673087310082	0.396714473279136	0.10284
enhancer_mutagenesis_490_AtoT	0.909347912503732	0.999999449729043	0.807835246217752	0.999998990089494	-0.0045741
enhancer_mutagenesis_491_AtoC	0.595739570209844	0.999999449729043	0.862886558231535	0.999998990089494	-0.27367
enhancer_mutagenesis_491_AtoG	0.627844822445275	0.999999449729043	0.739597861943476	0.999998990089494	-0.14694
enhancer_mutagenesis_491_AtoT	0.353664105822109	0.999999449729043	0.490839098103594	0.999998990089494	-1.0957
enhancer_mutagenesis_492_AtoC	0.936609494182665	0.999999449729043	0.475039776287151	0.999998990089494	-0.048505
enhancer_mutagenesis_492_AtoG	0.951289690259294	0.999999449729043	0.280133005020248	0.829624668713811	0.27139
enhancer_mutagenesis_492_AtoT	0.778364367705399	0.999999449729043	0.688060474542434	0.999998990089494	-0.026174
enhancer_mutagenesis_493_CtoA	0.905108062712561	0.999999449729043	0.417302704351102	0.999998990089494	-0.050631
enhancer_mutagenesis_493_CtoG	0.94541713621493	0.999999449729043	0.0357932798309625	0.23898510825864	0.83567
enhancer_mutagenesis_493_CtoT	0.913746127757586	0.999999449729043	0.39629805965315	0.97327234537706	0.28789
enhancer_mutagenesis_494_TtoA	0.891190777306909	0.999999449729043	0.230066260428131	0.753834129913451	0.63835
enhancer_mutagenesis_494_TtoC	0.904114324749113	0.999999449729043	0.0999818052646891	0.451241106966553	0.4946
enhancer_mutagenesis_494_TtoG	0.889589192488604	0.999999449729043	0.615431341323107	0.999998990089494	0.3519
enhancer_mutagenesis_495_GtoA	0.952707949952467	0.999999449729043	0.340570025386732	0.908257126860204	0.39629
enhancer_mutagenesis_495_GtoC	0.437511561758144	0.999999449729043	0.76344062825533	0.999998990089494	0.049074
enhancer_mutagenesis_495_GtoT	0.993519088851124	0.999999449729043	0.00995848938650754	0.124149167685127	0.8917
enhancer_mutagenesis_496_GtoA	0.966778721829426	0.999999449729043	0.017379292432111	0.165450863953697	1.0325
enhancer_mutagenesis_496_GtoC	0.907873801592128	0.999999449729043	0.681715073953827	0.999998990089494	-0.09535
enhancer_mutagenesis_496_GtoT	0.98837272925301	0.999999449729043	0.33541704109109	0.905015118491221	0.57849
enhancer_mutagenesis_497_GtoA	0.999063237342131	0.999999449729043	0.0232549766874444	0.188326214631315	0.92654
enhancer_mutagenesis_497_GtoC	0.60246625779797	0.999999449729043	0.920784366001306	0.999998990089494	-0.039123
enhancer_mutagenesis_497_GtoT	0.895568120335066	0.999999449729043	0.78721562305195	0.999998990089494	-0.0411
enhancer_mutagenesis_498_TtoA	0.963742832481807	0.999999449729043	0.365274695265264	0.935755826692238	0.31314
enhancer_mutagenesis_498_TtoC	0.969559886022293	0.999999449729043	0.017174163582203	0.165301324478703	0.90589
enhancer_mutagenesis_498_TtoG	0.953108739319256	0.999999449729043	0.0162176727173707	0.160328251140512	0.95197
enhancer_mutagenesis_499_GtoA	0.974148976077092	0.999999449729043	0.0823829026041057	0.400449448831749	0.40908
enhancer_mutagenesis_499_GtoC	0.940746407943205	0.999999449729043	0.659340662674619	0.999998990089494	0.13977
enhancer_mutagenesis_499_GtoT	0.764905541670215	0.999999449729043	0.941121929624331	0.999998990089494	-0.14595
enhancer_mutagenesis_5_GtoA	0.840678882285959	0.999999449729043	0.0301606655003991	0.217587735234009	0.28647
enhancer_mutagenesis_5_GtoC	0.564689246730762	0.999999449729043	0.512577320419184	0.999998990089494	0.02099
enhancer_mutagenesis_5_GtoT	0.976705102425769	0.999999449729043	0.386744588078261	0.96520241333545	0.28708
enhancer_mutagenesis_50_GtoA	0.884595873802124	0.999999449729043	0.286153250767608	0.837285602978758	0.55007
enhancer_mutagenesis_50_GtoC	0.299499728372355	0.999999449729043	0.743984796200657	0.999998990089494	-0.13924
enhancer_mutagenesis_50_GtoT	0.354969241654269	0.999999449729043	0.562543653234419	0.999998990089494	-0.78621
enhancer_mutagenesis_500_GtoA	0.961069178218107	0.999999449729043	0.314734183786015	0.873665280476747	0.15793
enhancer_mutagenesis_500_GtoC	0.880275297688253	0.999999449729043	0.797985367332863	0.999998990089494	-0.054416
enhancer_mutagenesis_500_GtoT	0.949538335348122	0.999999449729043	0.591371183975575	0.999998990089494	0.22745
enhancer_mutagenesis_501_CtoA	0.998375945357654	0.999999449729043	0.0102843741646665	0.125212855234346	1.1298
enhancer_mutagenesis_501_CtoG	0.894698815459412	0.999999449729043	0.276693381013026	0.825037894637929	-0.10104
enhancer_mutagenesis_501_CtoT	0.982630545172081	0.999999449729043	0.111756563695078	0.481869659428904	0.87306
enhancer_mutagenesis_502_AtoC	0.822492279568594	0.999999449729043	0.791781350803207	0.999998990089494	0.17748
enhancer_mutagenesis_502_AtoG	0.975597473629233	0.999999449729043	0.492050252493616	0.999998990089494	0.063045
enhancer_mutagenesis_502_AtoT	0.885165674215127	0.999999449729043	0.714619376244831	0.999998990089494	0.10142
enhancer_mutagenesis_503_GtoA	0.973595987437663	0.999999449729043	0.581662012211437	0.999998990089494	0.25499
enhancer_mutagenesis_503_GtoC	0.726885004132431	0.999999449729043	0.65545167643667	0.999998990089494	0.076776
enhancer_mutagenesis_503_GtoT	0.7472365215697	0.999999449729043	0.725484656751393	0.999998990089494	-0.17854
enhancer_mutagenesis_504_CtoA	0.473397596870909	0.999999449729043	0.947499232840205	0.999998990089494	-0.38326
enhancer_mutagenesis_504_CtoG	0.558429681588672	0.999999449729043	0.625421007541778	0.999998990089494	-0.17348
enhancer_mutagenesis_504_CtoT	0.838046169459038	0.999999449729043	0.692531920451868	0.999998990089494	-0.17134
enhancer_mutagenesis_505_CtoA	0.422102614217438	0.999999449729043	0.87802462146292	0.999998990089494	-0.17578
enhancer_mutagenesis_505_CtoG	0.245624227389981	0.999999449729043	0.493849747936712	0.999998990089494	-0.67444
enhancer_mutagenesis_505_CtoT	0.234986974964369	0.999999449729043	0.879687661104422	0.999998990089494	-1.3495
enhancer_mutagenesis_506_TtoA	0.233971023272326	0.999999449729043	0.983940515155276	0.999998990089494	-0.52881
enhancer_mutagenesis_506_TtoC	0.263118068689223	0.999999449729043	0.794405505166153	0.999998990089494	-1.2774
enhancer_mutagenesis_506_TtoG	0.485976056085681	0.999999449729043	0.892778359338603	0.999998990089494	-0.26302
enhancer_mutagenesis_507_GtoA	0.0506613656808522	0.452125548135882	0.678622383863535	0.999998990089494	-1.0214
enhancer_mutagenesis_507_GtoC	0.709685621214637	0.999999449729043	0.100680335085986	0.451806234913141	0.14941
enhancer_mutagenesis_507_GtoT	0.566397091909207	0.999999449729043	0.910278940278755	0.999998990089494	0.031875
enhancer_mutagenesis_508_GtoA	0.567295242537817	0.999999449729043	0.915650895282616	0.999998990089494	-0.31583
enhancer_mutagenesis_508_GtoC	0.0916856068159767	0.620240099855884	0.191430881046372	0.669113546834981	-1.7881
enhancer_mutagenesis_508_GtoT	0.118374117412512	0.705930385845002	0.895612179508429	0.999998990089494	-0.69532
enhancer_mutagenesis_509_GtoA	0.0468147596811673	0.43461362001878	0.996484328025546	0.999998990089494	-1.3723
enhancer_mutagenesis_509_GtoC	0.520353257417545	0.999999449729043	0.964840283078575	0.999998990089494	-0.41645
enhancer_mutagenesis_509_GtoT	0.493988916406135	0.999999449729043	0.710213542146333	0.999998990089494	-0.13957
enhancer_mutagenesis_51_CtoA	0.308040518438657	0.999999449729043	0.825661224205823	0.999998990089494	-0.8724
enhancer_mutagenesis_51_CtoG	0.381219209797792	0.999999449729043	0.845008412239517	0.999998990089494	-0.29781
enhancer_mutagenesis_51_CtoT	0.941539076537696	0.999999449729043	0.69354021915657	0.999998990089494	0.07372
enhancer_mutagenesis_510_AtoC	0.0465794912926258	0.433968356598201	0.943684891259975	0.999998990089494	0.33092
enhancer_mutagenesis_510_AtoG	0.540138169481928	0.999999449729043	0.473872775149056	0.999998990089494	0.48013
enhancer_mutagenesis_510_AtoT	0.842426718338286	0.999999449729043	0.604283892640337	0.999998990089494	0.080835
enhancer_mutagenesis_511_GtoA	0.769033528613828	0.999999449729043	0.353427957112941	0.920671036538984	0.37645
enhancer_mutagenesis_511_GtoC	0.647015003581997	0.999999449729043	0.175021363285501	0.632008178043369	0.59482
enhancer_mutagenesis_511_GtoT	0.0390761227970108	0.388978287005986	0.693484128936322	0.999998990089494	-1.4548
enhancer_mutagenesis_512_AtoC	0.453307639573778	0.999999449729043	0.761449151455846	0.999998990089494	-0.60887
enhancer_mutagenesis_512_AtoG	0.0216745238807983	0.271501930717368	0.844116339718541	0.999998990089494	-0.51849
enhancer_mutagenesis_512_AtoT	0.0480319547285523	0.440709948163011	0.941853431590861	0.999998990089494	-1.1963
enhancer_mutagenesis_513_TtoA	0.416788450595837	0.999999449729043	0.931994026223583	0.999998990089494	-0.4121
enhancer_mutagenesis_513_TtoC	0.283676861304524	0.999999449729043	0.993384048729135	0.999998990089494	-0.72171
enhancer_mutagenesis_513_TtoG	0.904935610060546	0.999999449729043	0.114791346998793	0.486284379357345	1.0636
enhancer_mutagenesis_514_TtoA	0.999999449729043	0.999999449729043	1.79365933865735e-05	0.00670828592657847	1.7979
enhancer_mutagenesis_514_TtoC	0.0729770089960611	0.553779158120835	0.888620994505487	0.999998990089494	-0.67212
enhancer_mutagenesis_514_TtoG	0.439592833733066	0.999999449729043	0.613079150279082	0.999998990089494	-0.5724
enhancer_mutagenesis_515_TtoA	0.81751332917584	0.999999449729043	0.236128758818891	0.757838991601227	0.51131
enhancer_mutagenesis_515_TtoC	0.666384233319756	0.999999449729043	0.100141742989904	0.451241106966553	0.62858
enhancer_mutagenesis_515_TtoG	0.589920844771254	0.999999449729043	0.869603642761038	0.999998990089494	-0.096962
enhancer_mutagenesis_516_TtoA	0.419659558779973	0.999999449729043	0.7613575922	0.999998990089494	-0.65268
enhancer_mutagenesis_516_TtoC	0.174335900184417	0.893172968068107	0.868988781785084	0.999998990089494	-0.12239
enhancer_mutagenesis_516_TtoG	0.216713899982962	0.981586488158124	0.91429853799115	0.999998990089494	-0.94766
enhancer_mutagenesis_517_CtoA	0.161700953680798	0.853494146645824	0.957650233671739	0.999998990089494	-2.4412
enhancer_mutagenesis_517_CtoG	0.746104456088044	0.999999449729043	0.453459987124631	0.999998990089494	0.1659
enhancer_mutagenesis_517_CtoT	0.973028877105443	0.999999449729043	0.128316749688829	0.523260515086222	0.052842
enhancer_mutagenesis_518_TtoA	0.920375806952743	0.999999449729043	0.507026322940041	0.999998990089494	-0.0093458
enhancer_mutagenesis_518_TtoC	0.240214860809291	0.999999449729043	0.963226803647762	0.999998990089494	0.30169
enhancer_mutagenesis_518_TtoG	0.993656126401542	0.999999449729043	0.152169178477881	0.578047907731584	0.43755
enhancer_mutagenesis_519_CtoA	0.555259077249323	0.999999449729043	0.557550538048458	0.999998990089494	0.077965
enhancer_mutagenesis_519_CtoG	0.122378733550755	0.719971965024443	0.19142791323175	0.669113546834981	-0.62039
enhancer_mutagenesis_519_CtoT	0.0965522424260785	0.633518222234269	0.772978545224527	0.999998990089494	-1.2173
enhancer_mutagenesis_52_TtoA	0.0194708764104049	0.257390644555332	0.713756689744947	0.999998990089494	-1.6645
enhancer_mutagenesis_52_TtoC	0.233489835082359	0.999999449729043	0.948619518104743	0.999998990089494	-0.1888
enhancer_mutagenesis_52_TtoG	0.445620430881136	0.999999449729043	0.769569440755016	0.999998990089494	-0.19101
enhancer_mutagenesis_520_TtoA	0.28392005740393	0.999999449729043	0.832025050862742	0.999998990089494	-0.052351
enhancer_mutagenesis_520_TtoC	0.892174598472401	0.999999449729043	0.79521383497918	0.999998990089494	0.058476
enhancer_mutagenesis_520_TtoG	0.518003012342943	0.999999449729043	0.425808337837601	0.999998990089494	-0.14621
enhancer_mutagenesis_521_TtoA	0.511868430601994	0.999999449729043	0.598476660138245	0.999998990089494	0.56474
enhancer_mutagenesis_521_TtoC	0.877800235127508	0.999999449729043	0.713616345395015	0.999998990089494	-0.14187
enhancer_mutagenesis_521_TtoG	0.0398478133545003	0.393666322121063	0.987220619573273	0.999998990089494	-0.89231
enhancer_mutagenesis_522_TtoA	0.941851293831616	0.999999449729043	0.263475191666789	0.804875206281976	0.58846
enhancer_mutagenesis_522_TtoC	0.214202255184741	0.971891688169239	0.846896787896949	0.999998990089494	-0.062273
enhancer_mutagenesis_522_TtoG	0.28935244028353	0.999999449729043	0.79897447800605	0.999998990089494	-0.44899
enhancer_mutagenesis_523_CtoA	0.0359310611987905	0.373331247263527	0.58985740531395	0.999998990089494	-1.3556
enhancer_mutagenesis_523_CtoG	0.692347034985931	0.999999449729043	0.644487507742491	0.999998990089494	0.58293
enhancer_mutagenesis_523_CtoT	0.572764243853602	0.999999449729043	0.297506839445698	0.857122620303741	0.78529
enhancer_mutagenesis_524_TtoA	0.33450081555205	0.999999449729043	0.249264062887283	0.781620062087938	0.44991
enhancer_mutagenesis_524_TtoC	0.438911665960176	0.999999449729043	0.813134163030464	0.999998990089494	-0.66252
enhancer_mutagenesis_524_TtoG	0.377525924625879	0.999999449729043	0.87693983297099	0.999998990089494	-0.62929
enhancer_mutagenesis_525_CtoA	0.27456347742175	0.999999449729043	0.892461651728564	0.999998990089494	-0.70937
enhancer_mutagenesis_525_CtoG	0.238874587783659	0.999999449729043	0.459069232652585	0.999998990089494	-1.0625
enhancer_mutagenesis_525_CtoT	0.10350782413353	0.659327210660784	0.934188571413686	0.999998990089494	-0.97934
enhancer_mutagenesis_526_AtoC	0.00709432450649084	0.12808925212409	0.940378014521645	0.999998990089494	-1.3136
enhancer_mutagenesis_526_AtoG	0.7371089358785	0.999999449729043	0.923871638671653	0.999998990089494	0.094008
enhancer_mutagenesis_526_AtoT	0.40224450869299	0.999999449729043	0.473002516934613	0.999998990089494	-0.42888
enhancer_mutagenesis_527_GtoA	0.0712280281492735	0.54806888029426	0.266270329941428	0.808695735251345	-1.5497
enhancer_mutagenesis_527_GtoC	0.665470873692599	0.999999449729043	0.242071931599981	0.770978487747873	0.60735
enhancer_mutagenesis_527_GtoT	0.238372209733561	0.999999449729043	0.684535103368148	0.999998990089494	-0.27716
enhancer_mutagenesis_528_CtoA	0.0940812652813145	0.620414993719096	0.953108207872568	0.999998990089494	-0.4648
enhancer_mutagenesis_528_CtoG	0.00918373672865419	0.161362568829642	0.792571003349866	0.999998990089494	-1.5925
enhancer_mutagenesis_528_CtoT	0.588997538611899	0.999999449729043	0.39441500810003	0.970468506772442	-0.46512
enhancer_mutagenesis_529_TtoA	0.776218234375686	0.999999449729043	0.554725095917563	0.999998990089494	0.091082
enhancer_mutagenesis_529_TtoC	0.356963361922548	0.999999449729043	0.941164361100009	0.999998990089494	-0.65649
enhancer_mutagenesis_529_TtoG	0.988070941079238	0.999999449729043	0.00150902790828969	0.0519820403145054	0.67457
enhancer_mutagenesis_53_AtoC	0.679274367838532	0.999999449729043	0.896156903928644	0.999998990089494	-0.16764
enhancer_mutagenesis_53_AtoG	0.208923502751369	0.96996292836356	0.972079687356601	0.999998990089494	-0.45789
enhancer_mutagenesis_53_AtoT	0.30444833443249	0.999999449729043	0.702851844194495	0.999998990089494	-0.4684
enhancer_mutagenesis_530_TtoA	0.980370143042585	0.999999449729043	0.332659427176792	0.90436384252216	0.68063
enhancer_mutagenesis_530_TtoC	0.88621925987385	0.999999449729043	0.171705044454807	0.623196426342874	0.57054
enhancer_mutagenesis_530_TtoG	0.226717279982466	0.991835194377333	0.675687186270182	0.999998990089494	-0.62307
enhancer_mutagenesis_531_GtoA	0.431794888267142	0.999999449729043	0.93347623657331	0.999998990089494	0.29088
enhancer_mutagenesis_531_GtoC	0.365086511193929	0.999999449729043	0.279608643971863	0.829624668713811	-0.43983
enhancer_mutagenesis_531_GtoT	0.717199428240827	0.999999449729043	0.0469751134413992	0.287338427545755	0.19981
enhancer_mutagenesis_532_AtoC	0.743457803775361	0.999999449729043	0.826581345738486	0.999998990089494	-0.030556
enhancer_mutagenesis_532_AtoG	0.786638370875743	0.999999449729043	0.448819033383228	0.999998990089494	0.7041
enhancer_mutagenesis_532_AtoT	0.27555293789307	0.999999449729043	0.56687589611121	0.999998990089494	-0.86229
enhancer_mutagenesis_533_AtoC	0.452582644208995	0.999999449729043	0.432361383977343	0.999998990089494	0.17049
enhancer_mutagenesis_533_AtoG	0.120943293633549	0.713129600749172	0.90373366620183	0.999998990089494	-0.71175
enhancer_mutagenesis_533_AtoT	0.0933134612701229	0.620414993719096	0.854984350382129	0.999998990089494	-0.65557
enhancer_mutagenesis_534_AtoC	0.414938118417675	0.999999449729043	0.772881110828045	0.999998990089494	-0.11371
enhancer_mutagenesis_534_AtoG	0.285448057287147	0.999999449729043	0.932246726945437	0.999998990089494	-0.2985
enhancer_mutagenesis_534_AtoT	0.0551469525601916	0.470217787233575	0.786949611970863	0.999998990089494	-0.90155
enhancer_mutagenesis_535_TtoA	0.73320325902326	0.999999449729043	0.567667480107689	0.999998990089494	0.18444
enhancer_mutagenesis_535_TtoC	0.159806320977819	0.851243055098985	0.706598690459908	0.999998990089494	-0.87865
enhancer_mutagenesis_535_TtoG	0.892706979086332	0.999999449729043	0.111067109433292	0.481413398172778	0.96612
enhancer_mutagenesis_536_GtoA	0.874824508565996	0.999999449729043	0.273618061878872	0.820540762885322	0.67957
enhancer_mutagenesis_536_GtoC	0.0936238236754917	0.620414993719096	0.950990664624814	0.999998990089494	-1.1199
enhancer_mutagenesis_536_GtoT	0.212637498208012	0.96996292836356	0.783504734295213	0.999998990089494	-0.50217
enhancer_mutagenesis_537_GtoA	0.9236283816755	0.999999449729043	0.0138895720600116	0.147816665256546	1.1016
enhancer_mutagenesis_537_GtoC	0.617399497537648	0.999999449729043	0.378585870744419	0.954640376425169	0.7873
enhancer_mutagenesis_537_GtoT	0.278057127405518	0.999999449729043	0.987934331561404	0.999998990089494	-0.56697
enhancer_mutagenesis_538_GtoA	0.82544625264033	0.999999449729043	0.177744130297124	0.636572001529236	-0.23969
enhancer_mutagenesis_538_GtoC	0.732479053157547	0.999999449729043	0.392024210724331	0.96652499165138	0.84444
enhancer_mutagenesis_538_GtoT	0.0675020684593197	0.53933679836464	0.967458957846816	0.999998990089494	-0.80383
enhancer_mutagenesis_539_TtoA	0.826500370935984	0.999999449729043	0.0912547389840866	0.42737908168218	-0.14535
enhancer_mutagenesis_539_TtoC	0.714278097048176	0.999999449729043	0.250735951335771	0.783325442239914	0.46099
enhancer_mutagenesis_539_TtoG	0.991734081960327	0.999999449729043	0.0054312888596672	0.0918952631335995	0.73317
enhancer_mutagenesis_54_TtoA	0.741837476233098	0.999999449729043	0.627433213289895	0.999998990089494	0.10272
enhancer_mutagenesis_54_TtoC	0.943853777455727	0.999999449729043	0.0896843497447743	0.424570809879408	0.7925
enhancer_mutagenesis_54_TtoG	0.671060414241309	0.999999449729043	0.59206724302731	0.999998990089494	-0.10958
enhancer_mutagenesis_540_CtoA	0.114389222138516	0.693219869348694	0.96020366507058	0.999998990089494	-0.95874
enhancer_mutagenesis_540_CtoG	0.441901778984828	0.999999449729043	0.63698846639522	0.999998990089494	-0.48496
enhancer_mutagenesis_540_CtoT	0.161547605092764	0.853494146645824	0.960795348125814	0.999998990089494	-0.90682
enhancer_mutagenesis_541_CtoA	0.179113818295049	0.900323598068553	0.831202894162618	0.999998990089494	-0.22092
enhancer_mutagenesis_541_CtoG	0.11988241180457	0.710072746842454	0.930960112855323	0.999998990089494	-0.95526
enhancer_mutagenesis_541_CtoT	0.212480911468529	0.96996292836356	0.951975585100923	0.999998990089494	-0.5099
enhancer_mutagenesis_542_TtoA	0.186371449037531	0.924091768144426	0.33849089446166	0.907030871750897	0.43524
enhancer_mutagenesis_542_TtoC	0.0369327179653903	0.379175904444674	0.771776244158704	0.999998990089494	-1.8352
enhancer_mutagenesis_542_TtoG	0.994624015054383	0.999999449729043	0.0432612633152126	0.276238993559089	0.66056
enhancer_mutagenesis_543_GtoA	0.221423608197681	0.984188465639268	0.945941929815769	0.999998990089494	-0.52938
enhancer_mutagenesis_543_GtoC	0.978322518249187	0.999999449729043	0.234546998579743	0.757838991601227	0.53868
enhancer_mutagenesis_543_GtoT	0.996773875126938	0.999999449729043	0.0862126227072897	0.411869792422782	0.65613
enhancer_mutagenesis_544_TtoA	0.553670160261629	0.999999449729043	0.585727483357296	0.999998990089494	-0.058442
enhancer_mutagenesis_544_TtoC	0.999048324022698	0.999999449729043	0.0171072972600655	0.165265329250375	0.97986
enhancer_mutagenesis_544_TtoG	0.957267359029963	0.999999449729043	0.364981283905468	0.935755826692238	0.30391
enhancer_mutagenesis_545_TtoA	0.996976758180871	0.999999449729043	0.0265269845491306	0.201680876192971	1.1221
enhancer_mutagenesis_545_TtoC	0.900157306406693	0.999999449729043	0.0406992742161929	0.263739356183151	0.29058
enhancer_mutagenesis_545_TtoG	0.949207837929487	0.999999449729043	0.586280139682488	0.999998990089494	0.056606
enhancer_mutagenesis_546_GtoA	0.314989497858022	0.999999449729043	0.751458469390723	0.999998990089494	0.30567
enhancer_mutagenesis_546_GtoC	0.982617446892276	0.999999449729043	0.28401588556872	0.836393237816545	0.66221
enhancer_mutagenesis_546_GtoT	0.881608223511807	0.999999449729043	0.64273639915617	0.999998990089494	0.039841
enhancer_mutagenesis_547_TtoA	0.786219489380191	0.999999449729043	0.0619326370578666	0.338173710750822	0.94342
enhancer_mutagenesis_547_TtoC	0.916638005113968	0.999999449729043	0.119164894836318	0.495854453930978	0.93086
enhancer_mutagenesis_547_TtoG	0.777981334690039	0.999999449729043	0.795096542897736	0.999998990089494	0.0056323
enhancer_mutagenesis_548_TtoA	0.987104422476708	0.999999449729043	0.129006167306643	0.52436716306798	0.98353
enhancer_mutagenesis_548_TtoC	0.930737206343042	0.999999449729043	0.370253994288602	0.942006760979163	0.29592
enhancer_mutagenesis_548_TtoG	0.742236158881483	0.999999449729043	0.752472026243918	0.999998990089494	-0.31838
enhancer_mutagenesis_549_AtoC	0.984880653083449	0.999999449729043	0.315026747429354	0.873665280476747	0.32432
enhancer_mutagenesis_549_AtoG	0.930838704535427	0.999999449729043	0.354676710373097	0.922089004723703	0.63818
enhancer_mutagenesis_549_AtoT	0.386071812037527	0.999999449729043	0.752019742897979	0.999998990089494	0.47473
enhancer_mutagenesis_55_TtoA	0.743139485576367	0.999999449729043	0.521728660136407	0.999998990089494	0.28316
enhancer_mutagenesis_55_TtoC	0.380728205032855	0.999999449729043	0.521246107734731	0.999998990089494	-0.083864
enhancer_mutagenesis_55_TtoG	0.753586125440298	0.999999449729043	0.683265433372764	0.999998990089494	-0.32948
enhancer_mutagenesis_550_GtoA	0.996951280028147	0.999999449729043	0.144667896639112	0.556153529223488	0.54248
enhancer_mutagenesis_550_GtoC	0.646990987290795	0.999999449729043	0.18503765355606	0.652868702169495	1.0443
enhancer_mutagenesis_550_GtoT	0.425622064755532	0.999999449729043	0.604129647783106	0.999998990089494	-0.57226
enhancer_mutagenesis_551_AtoC	0.982316884189416	0.999999449729043	0.184189263629292	0.650752351122114	0.72325
enhancer_mutagenesis_551_AtoG	0.822000441741488	0.999999449729043	0.135017685132773	0.53972483829361	0.594
enhancer_mutagenesis_551_AtoT	0.311495498108365	0.999999449729043	0.34297697870415	0.908257126860204	0.97845
enhancer_mutagenesis_552_AtoC	0.796624328153255	0.999999449729043	0.694383053169689	0.999998990089494	0.091887
enhancer_mutagenesis_552_AtoG	0.964854152147113	0.999999449729043	0.353289987721544	0.920671036538984	0.62941
enhancer_mutagenesis_552_AtoT	0.94535110016815	0.999999449729043	0.269671223446446	0.815762526134232	0.37262
enhancer_mutagenesis_553_GtoA	0.856607386355211	0.999999449729043	0.141684696912746	0.551979965055907	0.79688
enhancer_mutagenesis_553_GtoC	0.784822782136711	0.999999449729043	0.391446304673086	0.96652499165138	0.0040005
enhancer_mutagenesis_553_GtoT	0.815197094274899	0.999999449729043	0.31983823282821	0.882398619563968	0.2775
enhancer_mutagenesis_554_TtoA	0.994169263288501	0.999999449729043	0.0996186434836246	0.450434557236838	0.58317
enhancer_mutagenesis_554_TtoC	0.486099718020384	0.999999449729043	0.869129260446888	0.999998990089494	-0.55499
enhancer_mutagenesis_554_TtoG	0.496965919259477	0.999999449729043	0.284643848232662	0.837285602978758	0.094008
enhancer_mutagenesis_555_AtoC	0.498373958252477	0.999999449729043	0.950678875692045	0.999998990089494	-0.24343
enhancer_mutagenesis_555_AtoG	0.413807054841215	0.999999449729043	0.847140070944849	0.999998990089494	-0.63631
enhancer_mutagenesis_555_AtoT	0.876998534918489	0.999999449729043	0.0340834090433417	0.235200602131924	0.099991
enhancer_mutagenesis_556_CtoA	0.43922145666111	0.999999449729043	0.541461857525717	0.999998990089494	0.38278
enhancer_mutagenesis_556_CtoG	0.473524106214435	0.999999449729043	0.972753929014541	0.999998990089494	-0.18582
enhancer_mutagenesis_556_CtoT	0.774315778699925	0.999999449729043	0.168385853839317	0.614831471898649	0.43622
enhancer_mutagenesis_557_CtoA	0.884579761778857	0.999999449729043	0.41774311500796	0.999998990089494	0.42976
enhancer_mutagenesis_557_CtoG	0.97590566259025	0.999999449729043	0.518440389043867	0.999998990089494	0.068602
enhancer_mutagenesis_557_CtoT	0.805962559813781	0.999999449729043	0.467194667890903	0.999998990089494	0.099983
enhancer_mutagenesis_558_TtoA	0.996250237206273	0.999999449729043	0.0221830746653178	0.187774264070737	0.70355
enhancer_mutagenesis_558_TtoC	0.987996762547516	0.999999449729043	0.0500796605866848	0.295499154195442	0.66043
enhancer_mutagenesis_558_TtoG	0.961225025249371	0.999999449729043	0.0223743195112811	0.187774264070737	1.0283
enhancer_mutagenesis_559_GtoA	0.794241030579333	0.999999449729043	0.650910338950456	0.999998990089494	0.16055
enhancer_mutagenesis_559_GtoC	0.902251076211383	0.999999449729043	0.0615782070449472	0.33760069559653	0.87953
enhancer_mutagenesis_559_GtoT	0.956301366872725	0.999999449729043	0.583057569802453	0.999998990089494	0.22238
enhancer_mutagenesis_56_CtoA	0.947502674986541	0.999999449729043	0.275378510660895	0.823932503897398	0.42904
enhancer_mutagenesis_56_CtoG	0.597856531178461	0.999999449729043	0.889994369893385	0.999998990089494	0.091107
enhancer_mutagenesis_56_CtoT	0.446340633694135	0.999999449729043	0.518092832589586	0.999998990089494	-0.4334
enhancer_mutagenesis_560_CtoA	0.823611378201766	0.999999449729043	0.435083455921969	0.999998990089494	0.58518
enhancer_mutagenesis_560_CtoG	0.882561370960569	0.999999449729043	0.315444366570738	0.873897726647823	0.46703
enhancer_mutagenesis_560_CtoT	0.9941267618319	0.999999449729043	0.0729743348658693	0.370964677046302	0.68106
enhancer_mutagenesis_561_CtoA	0.999728465815692	0.999999449729043	0.00662896408560302	0.101471856388623	0.77384
enhancer_mutagenesis_561_CtoG	0.900669301774644	0.999999449729043	0.583885159097465	0.999998990089494	0.34081
enhancer_mutagenesis_561_CtoT	0.972720659816119	0.999999449729043	0.232341185979182	0.75561394396708	0.61696
enhancer_mutagenesis_562_TtoA	0.969883841317637	0.999999449729043	0.567461083144859	0.999998990089494	0.12587
enhancer_mutagenesis_562_TtoC	0.897905000757457	0.999999449729043	0.568699306293509	0.999998990089494	0.081236
enhancer_mutagenesis_562_TtoG	0.760721490942948	0.999999449729043	0.674458684544919	0.999998990089494	-0.23385
enhancer_mutagenesis_563_AtoC	0.996036428862332	0.999999449729043	0.0809587720665125	0.396910234588258	0.77712
enhancer_mutagenesis_563_AtoG	0.941733530302993	0.999999449729043	0.48473295094951	0.999998990089494	0.38241
enhancer_mutagenesis_563_AtoT	0.94409778134192	0.999999449729043	0.118034616303516	0.495215745965712	0.50376
enhancer_mutagenesis_564_GtoA	0.334214654471257	0.999999449729043	0.569196840423715	0.999998990089494	-0.49774
enhancer_mutagenesis_564_GtoC	0.899269117206733	0.999999449729043	0.377949920837332	0.954168652605724	0.48985
enhancer_mutagenesis_564_GtoT	0.956299996591962	0.999999449729043	0.409855237393017	0.99304287972718	0.49769
enhancer_mutagenesis_565_AtoC	0.992815069390483	0.999999449729043	0.398925004179695	0.976974425577588	0.22265
enhancer_mutagenesis_565_AtoG	0.893539228261858	0.999999449729043	0.513936671943711	0.999998990089494	0.085471
enhancer_mutagenesis_565_AtoT	0.637564758367854	0.999999449729043	0.96476950613961	0.999998990089494	-0.20175
enhancer_mutagenesis_566_CtoA	0.918545134227873	0.999999449729043	0.68371302660087	0.999998990089494	0.17164
enhancer_mutagenesis_566_CtoG	0.997532077677354	0.999999449729043	0.00181583442702635	0.0572753557825902	0.42577
enhancer_mutagenesis_566_CtoT	0.962393174048238	0.999999449729043	0.271202622206744	0.818441396120094	0.26908
enhancer_mutagenesis_567_TtoA	0.860783843267811	0.999999449729043	0.408073310596996	0.991955364106718	0.35882
enhancer_mutagenesis_567_TtoC	0.734911802403766	0.999999449729043	0.0933882586576327	0.431961945522407	1.0502
enhancer_mutagenesis_567_TtoG	0.744906571695173	0.999999449729043	0.728660449077075	0.999998990089494	0.24517
enhancer_mutagenesis_568_CtoA	0.880276910355567	0.999999449729043	0.25722126288717	0.794109983771946	-0.039841
enhancer_mutagenesis_568_CtoG	0.988917879406722	0.999999449729043	0.210003474425946	0.709655250297226	0.33058
enhancer_mutagenesis_568_CtoT	0.919778191706011	0.999999449729043	0.42484419574319	0.999998990089494	0.29049
enhancer_mutagenesis_569_TtoA	0.425597717936252	0.999999449729043	0.612257376267025	0.999998990089494	-0.62013
enhancer_mutagenesis_569_TtoC	0.981774707757038	0.999999449729043	0.116414051236936	0.49125778965442	0.1788
enhancer_mutagenesis_569_TtoG	0.938346759813484	0.999999449729043	0.358575211818175	0.926702768548847	0.62509
enhancer_mutagenesis_57_TtoA	0.57322150052703	0.999999449729043	0.851375155980526	0.999998990089494	0.22245
enhancer_mutagenesis_57_TtoC	0.711340339508203	0.999999449729043	0.236184628731286	0.757838991601227	0.060238
enhancer_mutagenesis_57_TtoG	0.952866383555444	0.999999449729043	0.488720581685761	0.999998990089494	0.11097
enhancer_mutagenesis_570_GtoA	0.822982329762473	0.999999449729043	0.69807224600971	0.999998990089494	0.39391
enhancer_mutagenesis_570_GtoC	0.769835579581952	0.999999449729043	0.641719356154517	0.999998990089494	0.15919
enhancer_mutagenesis_570_GtoT	0.871186218637756	0.999999449729043	0.182818191130124	0.648300512496048	0.75419
enhancer_mutagenesis_571_GtoA	0.996021477380699	0.999999449729043	0.0903206481389474	0.425286792855691	0.46565
enhancer_mutagenesis_571_GtoC	0.97077920926237	0.999999449729043	0.521288854306617	0.999998990089494	0.31538
enhancer_mutagenesis_571_GtoT	0.44396740800134	0.999999449729043	0.519378957998597	0.999998990089494	-0.64454
enhancer_mutagenesis_572_AtoC	0.76316894349639	0.999999449729043	0.779882364087279	0.999998990089494	-0.1202
enhancer_mutagenesis_572_AtoG	0.597455294237151	0.999999449729043	0.633854863896987	0.999998990089494	0.25326
enhancer_mutagenesis_572_AtoT	0.799094694138668	0.999999449729043	0.591625327743741	0.999998990089494	-0.097468
enhancer_mutagenesis_573_AtoC	0.922062441241438	0.999999449729043	0.404165027948124	0.986198538005443	0.017423
enhancer_mutagenesis_573_AtoG	0.933043355968812	0.999999449729043	0.430286945928135	0.999998990089494	0.25254
enhancer_mutagenesis_573_AtoT	0.98019638430907	0.999999449729043	0.352674310744159	0.920671036538984	0.27409
enhancer_mutagenesis_574_AtoC	0.790822970643674	0.999999449729043	0.476263454061055	0.999998990089494	-0.056506
enhancer_mutagenesis_574_AtoG	0.799976068786491	0.999999449729043	0.523257424651639	0.999998990089494	0.38263
enhancer_mutagenesis_574_AtoT	0.513693220924837	0.999999449729043	0.828467709284331	0.999998990089494	0.044346
enhancer_mutagenesis_575_AtoC	0.85222578439619	0.999999449729043	0.582306766080448	0.999998990089494	0.30581
enhancer_mutagenesis_575_AtoG	0.336807349887104	0.999999449729043	0.795290057775087	0.999998990089494	-0.17597
enhancer_mutagenesis_575_AtoT	0.098143937444521	0.639156289128746	0.979852499350648	0.999998990089494	-0.92374
enhancer_mutagenesis_576_AtoC	0.729001263072692	0.999999449729043	0.451152223802847	0.999998990089494	0.41833
enhancer_mutagenesis_576_AtoG	0.863434123391613	0.999999449729043	0.343805505240054	0.908257126860204	0.38041
enhancer_mutagenesis_576_AtoT	0.859811079921649	0.999999449729043	0.265752228541642	0.808059621744504	0.23185
enhancer_mutagenesis_577_AtoC	0.0508807573169031	0.452125548135882	0.985338667293617	0.999998990089494	-0.75316
enhancer_mutagenesis_577_AtoG	0.956629885752675	0.999999449729043	0.143013479282523	0.553041785467717	0.64364
enhancer_mutagenesis_577_AtoT	0.220638069264478	0.983102064359032	0.841295954789387	0.999998990089494	-1.0928
enhancer_mutagenesis_578_CtoA	0.453103592856586	0.999999449729043	0.874600855091969	0.999998990089494	-0.17753
enhancer_mutagenesis_578_CtoG	0.892452534448365	0.999999449729043	0.341422416452187	0.908257126860204	0.41603
enhancer_mutagenesis_578_CtoT	0.802040505594649	0.999999449729043	0.783701740290526	0.999998990089494	0.18562
enhancer_mutagenesis_579_AtoC	0.449054168402362	0.999999449729043	0.689761028402005	0.999998990089494	-0.72804
enhancer_mutagenesis_579_AtoG	0.3722801166676	0.999999449729043	0.680425393909391	0.999998990089494	0.17124
enhancer_mutagenesis_579_AtoT	0.750583319990042	0.999999449729043	0.365652486900748	0.935755826692238	0.55653
enhancer_mutagenesis_58_GtoA	0.341085821977253	0.999999449729043	0.914942772600592	0.999998990089494	-0.53996
enhancer_mutagenesis_58_GtoC	0.551795417411507	0.999999449729043	0.847349611989823	0.999998990089494	-0.27411
enhancer_mutagenesis_58_GtoT	0.36033927552515	0.999999449729043	0.689966955836599	0.999998990089494	-0.031368
enhancer_mutagenesis_580_GtoA	0.939876717608978	0.999999449729043	0.46937135196929	0.999998990089494	-0.083902
enhancer_mutagenesis_580_GtoC	0.387103940852968	0.999999449729043	0.830873938044254	0.999998990089494	-0.39886
enhancer_mutagenesis_580_GtoT	0.958415066174018	0.999999449729043	0.329403263903171	0.897375384909991	0.52676
enhancer_mutagenesis_581_GtoA	0.436447896950172	0.999999449729043	0.96888955009728	0.999998990089494	-0.01935
enhancer_mutagenesis_581_GtoC	0.152120698231913	0.826433229029224	0.971167834803367	0.999998990089494	-0.83527
enhancer_mutagenesis_581_GtoT	0.00699219061287719	0.127121909892448	0.843481764670836	0.999998990089494	-1.5872
enhancer_mutagenesis_582_GtoA	0.11128277448538	0.687118640572465	0.946691045812255	0.999998990089494	-1.3786
enhancer_mutagenesis_582_GtoC	0.672416043418757	0.999999449729043	0.869845351980566	0.999998990089494	-0.31359
enhancer_mutagenesis_582_GtoT	0.825107810609399	0.999999449729043	0.23172070490337	0.754576260489793	0.80607
enhancer_mutagenesis_583_CtoA	0.0338959510054277	0.36455137520151	0.99701611854185	0.999998990089494	-0.60326
enhancer_mutagenesis_583_CtoG	0.0094850386741532	0.163863310990045	0.911403296255987	0.999998990089494	-2.3002
enhancer_mutagenesis_583_CtoT	0.192848687881788	0.943696943690693	0.870227309142447	0.999998990089494	-0.58565
enhancer_mutagenesis_584_AtoC	0.55034378102657	0.999999449729043	0.73873436085302	0.999998990089494	-0.16508
enhancer_mutagenesis_584_AtoG	0.430736563746001	0.999999449729043	0.976255429445793	0.999998990089494	-0.56343
enhancer_mutagenesis_584_AtoT	0.151594484669297	0.826433229029224	0.993725248511544	0.999998990089494	-0.87394
enhancer_mutagenesis_585_GtoA	0.745635870218476	0.999999449729043	0.384463371014123	0.962261094947394	0.43929
enhancer_mutagenesis_585_GtoC	0.505866396463333	0.999999449729043	0.701316015640516	0.999998990089494	0.36098
enhancer_mutagenesis_585_GtoT	0.279519868401717	0.999999449729043	0.342667646652149	0.908257126860204	-1.0441
enhancer_mutagenesis_586_GtoA	0.503677916343151	0.999999449729043	0.606208934269364	0.999998990089494	0.026058
enhancer_mutagenesis_586_GtoC	0.46581453284384	0.999999449729043	0.0614957280667905	0.33760069559653	-0.23946
enhancer_mutagenesis_586_GtoT	0.100827357765645	0.648565166168204	0.916730570042145	0.999998990089494	-1.4573
enhancer_mutagenesis_587_GtoA	0.0769288753754453	0.566230300628942	0.858741689091388	0.999998990089494	-1.0313
enhancer_mutagenesis_587_GtoC	0.0609341955257614	0.50165321976869	0.742946789732161	0.999998990089494	-1.1861
enhancer_mutagenesis_587_GtoT	0.677532348161572	0.999999449729043	0.0714977479925481	0.367021773028413	0.34838
enhancer_mutagenesis_588_CtoA	0.0556666595810416	0.470217787233575	0.924815867556387	0.999998990089494	-0.93918
enhancer_mutagenesis_588_CtoG	0.0845821546412658	0.592075082488861	0.916113333751104	0.999998990089494	-1.0247
enhancer_mutagenesis_588_CtoT	0.861253532545025	0.999999449729043	0.771200340687305	0.999998990089494	0.27225
enhancer_mutagenesis_589_CtoA	0.387754581943888	0.999999449729043	0.639807270376902	0.999998990089494	-0.37317
enhancer_mutagenesis_589_CtoG	0.657542177987252	0.999999449729043	0.409651580151005	0.99304287972718	0.56961
enhancer_mutagenesis_589_CtoT	0.306788757730701	0.999999449729043	0.909688505193036	0.999998990089494	-0.70149
enhancer_mutagenesis_59_CtoA	0.221962741539571	0.984912639577283	0.905357293195378	0.999998990089494	-0.092138
enhancer_mutagenesis_59_CtoG	0.697525157041811	0.999999449729043	0.887396125946654	0.999998990089494	-0.23302
enhancer_mutagenesis_59_CtoT	0.130243091944498	0.74775529541819	0.990861099833113	0.999998990089494	-0.63555
enhancer_mutagenesis_590_AtoC	0.641782160995537	0.999999449729043	0.56014376265757	0.999998990089494	0.12627
enhancer_mutagenesis_590_AtoG	0.794979208048469	0.999999449729043	0.531031812214431	0.999998990089494	0.075771
enhancer_mutagenesis_590_AtoT	0.0552441864322918	0.470217787233575	0.968706555068044	0.999998990089494	-0.65463
enhancer_mutagenesis_591_CtoA	0.0029444715062217	0.0697631919852639	0.999839386170755	0.999998990089494	-1.2831
enhancer_mutagenesis_591_CtoG	0.447255710959671	0.999999449729043	0.50908829652219	0.999998990089494	0.50903
enhancer_mutagenesis_591_CtoT	0.00412034613904509	0.0891493073720664	0.972944049475478	0.999998990089494	-2.248
enhancer_mutagenesis_592_TtoA	0.531057958777846	0.999999449729043	0.427306641505479	0.999998990089494	-0.12922
enhancer_mutagenesis_592_TtoC	0.220171875035532	0.983102064359032	0.897738526335287	0.999998990089494	-1.3237
enhancer_mutagenesis_592_TtoG	0.199706626293147	0.951230998585547	0.785556108118093	0.999998990089494	-0.5981
enhancer_mutagenesis_593_TtoA	0.0215177907508159	0.270834500892481	0.99765152650162	0.999998990089494	-0.63962
enhancer_mutagenesis_593_TtoC	0.599558214303568	0.999999449729043	0.91306506696148	0.999998990089494	0.18307
enhancer_mutagenesis_593_TtoG	0.0457201284606347	0.429015398960364	0.992544614477409	0.999998990089494	-0.91827
enhancer_mutagenesis_595_TtoA	0.584234731472184	0.999999449729043	0.54618121832117	0.999998990089494	-0.0076324
enhancer_mutagenesis_595_TtoC	0.280645486422008	0.999999449729043	0.955615392281698	0.999998990089494	-0.20939
enhancer_mutagenesis_595_TtoG	0.709999180158864	0.999999449729043	0.68660994550324	0.999998990089494	-0.32957
enhancer_mutagenesis_596_TtoA	0.0670418764547884	0.53933679836464	0.992894316420129	0.999998990089494	-0.5166
enhancer_mutagenesis_596_TtoC	0.0973017542259017	0.635251851779079	0.954941990225711	0.999998990089494	-0.32813
enhancer_mutagenesis_596_TtoG	0.0687309622879293	0.53933679836464	0.657120413114123	0.999998990089494	-0.99728
enhancer_mutagenesis_597_GtoA	0.565736538782398	0.999999449729043	0.677173158642124	0.999998990089494	-0.1234
enhancer_mutagenesis_597_GtoC	0.808171699947242	0.999999449729043	0.548274187816262	0.999998990089494	0.21747
enhancer_mutagenesis_597_GtoT	0.907529730359082	0.999999449729043	0.306477177096977	0.862749730795577	0.50124
enhancer_mutagenesis_598_TtoA	0.879306535585298	0.999999449729043	0.790190156967978	0.999998990089494	-0.10563
enhancer_mutagenesis_598_TtoC	0.355070470629285	0.999999449729043	0.917268790839742	0.999998990089494	-0.24546
enhancer_mutagenesis_598_TtoG	0.212505458116652	0.96996292836356	0.777006260696571	0.999998990089494	-0.29783
enhancer_mutagenesis_599_CtoA	0.0520507573626213	0.455748771823888	0.993948171550476	0.999998990089494	-1.4959
enhancer_mutagenesis_599_CtoG	0.889236521816938	0.999999449729043	0.0501810248146054	0.295499154195442	1.2398
enhancer_mutagenesis_599_CtoT	0.91681130051941	0.999999449729043	0.783254349436807	0.999998990089494	0.20262
enhancer_mutagenesis_6_GtoA	0.984972144526504	0.999999449729043	0.36916653193761	0.941695867409068	0.22817
enhancer_mutagenesis_6_GtoC	0.998070944498219	0.999999449729043	0.0559431066581894	0.316326248879352	0.58685
enhancer_mutagenesis_6_GtoT	0.988861007241381	0.999999449729043	0.118462614104069	0.4954235203266	0.69502
enhancer_mutagenesis_60_AtoC	0.671431700172461	0.999999449729043	0.49968539610368	0.999998990089494	0.25632
enhancer_mutagenesis_60_AtoG	0.666378469764814	0.999999449729043	0.557788506267685	0.999998990089494	0.26257
enhancer_mutagenesis_60_AtoT	0.0841306212640813	0.592075082488861	0.994756192599738	0.999998990089494	-0.57184
enhancer_mutagenesis_600_TtoA	0.171805154604894	0.887151666184638	0.944849885512653	0.999998990089494	-0.7973
enhancer_mutagenesis_600_TtoC	0.564890701181951	0.999999449729043	0.645385536768248	0.999998990089494	0.12317
enhancer_mutagenesis_600_TtoG	0.769037623118399	0.999999449729043	0.731368226792012	0.999998990089494	0.16391
enhancer_mutagenesis_601_AtoC	0.694805474306395	0.999999449729043	0.854062790627905	0.999998990089494	0.014048
enhancer_mutagenesis_601_AtoG	0.392554979725268	0.999999449729043	0.840034099652821	0.999998990089494	-0.47179
enhancer_mutagenesis_601_AtoT	0.593248157303363	0.999999449729043	0.893195697386246	0.999998990089494	-0.18634
enhancer_mutagenesis_602_CtoA	0.611491340168132	0.999999449729043	0.302941499434348	0.861372250023374	0.44134
enhancer_mutagenesis_602_CtoG	0.448858858609942	0.999999449729043	0.823576601344381	0.999998990089494	-0.034856
enhancer_mutagenesis_602_CtoT	0.460656644018753	0.999999449729043	0.475581809146899	0.999998990089494	-0.24134
enhancer_mutagenesis_603_CtoA	0.449419289523701	0.999999449729043	0.959173500207426	0.999998990089494	-0.18033
enhancer_mutagenesis_603_CtoG	0.620157995929434	0.999999449729043	0.881339773096677	0.999998990089494	-0.0068989
enhancer_mutagenesis_603_CtoT	0.34293519537886	0.999999449729043	0.950916761587098	0.999998990089494	-0.21922
enhancer_mutagenesis_604_AtoC	0.949037791994954	0.999999449729043	0.596601220593047	0.999998990089494	0.027539
enhancer_mutagenesis_604_AtoG	0.548008066458461	0.999999449729043	0.523107224179309	0.999998990089494	-0.13585
enhancer_mutagenesis_604_AtoT	0.369243681700802	0.999999449729043	0.727804630245052	0.999998990089494	-0.36757
enhancer_mutagenesis_605_GtoA	0.502006814828101	0.999999449729043	0.268117434953936	0.813362044854467	0.10641
enhancer_mutagenesis_605_GtoC	0.961016869355979	0.999999449729043	0.24816970283307	0.781620062087938	0.26984
enhancer_mutagenesis_605_GtoT	0.483622239699632	0.999999449729043	0.920026707594795	0.999998990089494	0.11225
enhancer_mutagenesis_606_CtoA	0.34515286380415	0.999999449729043	0.909907114981288	0.999998990089494	-0.67527
enhancer_mutagenesis_606_CtoG	0.821807764277579	0.999999449729043	0.216176166365192	0.722924326954578	0.68171
enhancer_mutagenesis_606_CtoT	0.966096652185951	0.999999449729043	0.200915670454466	0.692101612170778	0.63245
enhancer_mutagenesis_607_CtoA	0.981566897139615	0.999999449729043	0.1397342776784	0.550111787912861	0.34082
enhancer_mutagenesis_607_CtoG	0.999207351094745	0.999999449729043	0.0232242933644212	0.188326214631315	1.0559
enhancer_mutagenesis_607_CtoT	0.975075519233142	0.999999449729043	0.130312857969131	0.526690418077426	0.64881
enhancer_mutagenesis_608_CtoA	0.795086109753623	0.999999449729043	0.871416056336765	0.999998990089494	-0.070386
enhancer_mutagenesis_608_CtoG	0.940171220753307	0.999999449729043	0.185988837059975	0.655341555078081	0.32684
enhancer_mutagenesis_608_CtoT	0.654459174709127	0.999999449729043	0.717405911627144	0.999998990089494	-0.043146
enhancer_mutagenesis_609_TtoA	0.826359458329977	0.999999449729043	0.4718693211683	0.999998990089494	0.14049
enhancer_mutagenesis_609_TtoC	0.905305720557029	0.999999449729043	0.586848692198731	0.999998990089494	0.22163
enhancer_mutagenesis_609_TtoG	0.944287420738544	0.999999449729043	0.161563195575992	0.594799941874666	0.61864
enhancer_mutagenesis_61_GtoA	0.295097632207256	0.999999449729043	0.967557437565994	0.999998990089494	-0.65773
enhancer_mutagenesis_61_GtoC	0.499940354383715	0.999999449729043	0.932705042843701	0.999998990089494	-0.32278
enhancer_mutagenesis_61_GtoT	0.844799793578928	0.999999449729043	0.789280026086415	0.999998990089494	-0.014716
enhancer_mutagenesis_610_TtoA	0.962940114385343	0.999999449729043	0.129189006943792	0.52436716306798	0.61707
enhancer_mutagenesis_610_TtoC	0.90648490036015	0.999999449729043	0.0668142053153721	0.351890445361766	0.5046
enhancer_mutagenesis_610_TtoG	0.810516511819389	0.999999449729043	0.276493692318573	0.825037894637929	0.43392
enhancer_mutagenesis_611_GtoA	0.509163377815519	0.999999449729043	0.744841630814377	0.999998990089494	-0.024831
enhancer_mutagenesis_611_GtoC	0.37614779827814	0.999999449729043	0.685615521358226	0.999998990089494	-0.4808
enhancer_mutagenesis_611_GtoT	0.942353602718041	0.999999449729043	0.444172653335798	0.999998990089494	0.38506
enhancer_mutagenesis_612_CtoA	0.987646020027473	0.999999449729043	0.0953047456539569	0.436966417026373	0.94429
enhancer_mutagenesis_612_CtoG	0.975074994048372	0.999999449729043	0.0452449249707346	0.282026698984245	1.0026
enhancer_mutagenesis_612_CtoT	0.991590468545942	0.999999449729043	0.0736698641292342	0.373048818775779	0.92073
enhancer_mutagenesis_613_CtoA	0.774657210832711	0.999999449729043	0.0486312373023092	0.291919661416451	0.70747
enhancer_mutagenesis_613_CtoG	0.906238065673779	0.999999449729043	0.0209351118671959	0.182009544944418	0.97637
enhancer_mutagenesis_613_CtoT	0.783819336529044	0.999999449729043	0.0813567394526141	0.39811578296625	0.27095
enhancer_mutagenesis_614_AtoC	0.3224815058129	0.999999449729043	0.305658831272618	0.861372250023374	0.43003
enhancer_mutagenesis_614_AtoG	0.958318243562477	0.999999449729043	0.0927165469320226	0.431140177385498	0.7476
enhancer_mutagenesis_614_AtoT	0.998197935959212	0.999999449729043	0.0292235860789254	0.214054399064081	0.63377
enhancer_mutagenesis_615_TtoA	0.618995636596861	0.999999449729043	0.0233616223117592	0.188326214631315	0.95259
enhancer_mutagenesis_615_TtoC	0.887831402184233	0.999999449729043	0.112819855551435	0.482583799735964	0.4515
enhancer_mutagenesis_615_TtoG	0.506268453906052	0.999999449729043	0.611459418937956	0.999998990089494	0.42567
enhancer_mutagenesis_616_CtoA	0.451074392025777	0.999999449729043	0.35699324815251	0.925737860607223	0.59635
enhancer_mutagenesis_616_CtoG	0.948360754437255	0.999999449729043	0.112996130343066	0.482583799735964	0.97729
enhancer_mutagenesis_616_CtoT	0.620421888794395	0.999999449729043	0.176019669993721	0.634737597856144	0.13361
enhancer_mutagenesis_617_CtoA	0.85435228068107	0.999999449729043	0.467464275089363	0.999998990089494	0.17293
enhancer_mutagenesis_617_CtoG	0.922696771647236	0.999999449729043	0.125596971598837	0.516445992654457	0.72981
enhancer_mutagenesis_617_CtoT	0.953803584037257	0.999999449729043	0.183000030074324	0.648300512496048	0.6156
enhancer_mutagenesis_618_AtoC	0.994327374826777	0.999999449729043	0.133132260773703	0.533752310421984	0.54442
enhancer_mutagenesis_618_AtoG	0.84932644589458	0.999999449729043	0.300843509022497	0.861372250023374	0.33141
enhancer_mutagenesis_618_AtoT	0.999681577032437	0.999999449729043	0.00972889769255651	0.123362604276634	0.70173
enhancer_mutagenesis_619_GtoA	0.91862029857539	0.999999449729043	0.391569993853822	0.96652499165138	-0.04134
enhancer_mutagenesis_619_GtoC	0.941846367906642	0.999999449729043	0.264848327585984	0.807186171851114	0.31554
enhancer_mutagenesis_619_GtoT	0.994740529394528	0.999999449729043	0.0636677424486514	0.342263141130532	0.60225
enhancer_mutagenesis_62_TtoA	0.394453378560832	0.999999449729043	0.799487660482793	0.999998990089494	-0.73934
enhancer_mutagenesis_62_TtoC	0.537279621601744	0.999999449729043	0.880391756155082	0.999998990089494	-0.28035
enhancer_mutagenesis_62_TtoG	0.520294435726173	0.999999449729043	0.304190386748208	0.861372250023374	0.72802
enhancer_mutagenesis_620_CtoA	0.996744034672834	0.999999449729043	0.0126841707981787	0.138942088492183	0.91612
enhancer_mutagenesis_620_CtoG	0.992184880050898	0.999999449729043	0.0839864439400589	0.405344511677207	0.66306
enhancer_mutagenesis_620_CtoT	0.999881684240245	0.999999449729043	0.00722367221155006	0.105651250557755	0.90086
enhancer_mutagenesis_621_CtoA	0.997736790024635	0.999999449729043	0.0449781404039351	0.281032867726735	1.0102
enhancer_mutagenesis_621_CtoG	0.988783190303951	0.999999449729043	0.0840726011614681	0.405344511677207	0.9058
enhancer_mutagenesis_621_CtoT	0.902530090092105	0.999999449729043	0.117270652263999	0.493592552455223	0.57332
enhancer_mutagenesis_622_TtoA	0.998829644018777	0.999999449729043	0.0125456747584287	0.138764892038498	0.72123
enhancer_mutagenesis_622_TtoC	0.992174710990799	0.999999449729043	0.0558113523664765	0.3162643300767	0.38864
enhancer_mutagenesis_622_TtoG	0.998197764153171	0.999999449729043	0.0178037777551938	0.166465322011062	0.59539
enhancer_mutagenesis_623_CtoA	0.898498520881416	0.999999449729043	0.478067677847033	0.999998990089494	-0.1053
enhancer_mutagenesis_623_CtoG	0.99773150102487	0.999999449729043	0.0226667548089626	0.188326214631315	0.7645
enhancer_mutagenesis_623_CtoT	0.9976603734995	0.999999449729043	0.045639282184117	0.282467235834559	0.79252
enhancer_mutagenesis_624_CtoA	0.786685914727211	0.999999449729043	0.616350252005029	0.999998990089494	0.2256
enhancer_mutagenesis_624_CtoG	0.998206382715026	0.999999449729043	0.0509065225879531	0.296352694582856	0.59775
enhancer_mutagenesis_624_CtoT	0.99514193643492	0.999999449729043	0.204090056153496	0.697379830249518	0.64865
enhancer_mutagenesis_625_CtoA	0.942772284472423	0.999999449729043	0.39200275848411	0.96652499165138	0.42107
enhancer_mutagenesis_625_CtoG	0.889539192289018	0.999999449729043	0.383939428496247	0.961869305074807	0.11972
enhancer_mutagenesis_625_CtoT	0.984437327867191	0.999999449729043	0.342736626010725	0.908257126860204	0.2596
enhancer_mutagenesis_626_AtoC	0.961689856414041	0.999999449729043	0.0758910121973037	0.38061814163322	0.94832
enhancer_mutagenesis_626_AtoG	0.993074768154199	0.999999449729043	0.113987535792869	0.484447027119695	0.52596
enhancer_mutagenesis_626_AtoT	0.991477330385799	0.999999449729043	0.0826449813587808	0.400675113328311	0.36304
enhancer_mutagenesis_627_AtoC	0.996425890523956	0.999999449729043	0.0707145139058747	0.36587074586083	0.50878
enhancer_mutagenesis_627_AtoG	0.996365211870117	0.999999449729043	0.0588709267814162	0.327227359477171	0.57599
enhancer_mutagenesis_627_AtoT	0.955196025269183	0.999999449729043	0.0233278896161818	0.188326214631315	0.74658
enhancer_mutagenesis_628_GtoA	0.988231064264345	0.999999449729043	0.112433423072496	0.481869659428904	0.46301
enhancer_mutagenesis_628_GtoC	0.992209770770932	0.999999449729043	0.0438656861466236	0.277830641389862	0.66065
enhancer_mutagenesis_628_GtoT	0.999761524382845	0.999999449729043	0.00207359412899702	0.06134108048103	1.03
enhancer_mutagenesis_629_TtoA	0.999453511031309	0.999999449729043	0.0248463809480271	0.193020253180816	1.0128
enhancer_mutagenesis_629_TtoC	0.999999380852655	0.999999449729043	4.6328445109658e-05	0.0101073224414237	1.8187
enhancer_mutagenesis_629_TtoG	0.963941331982904	0.999999449729043	0.109746854845274	0.478065334417518	0.84848
enhancer_mutagenesis_63_CtoA	0.444808565396141	0.999999449729043	0.749796844707501	0.999998990089494	0.072063
enhancer_mutagenesis_63_CtoG	0.798812676903646	0.999999449729043	0.495254871839736	0.999998990089494	0.27172
enhancer_mutagenesis_63_CtoT	0.470085270601895	0.999999449729043	0.520309236902724	0.999998990089494	-0.45562
enhancer_mutagenesis_630_GtoA	0.916001587075291	0.999999449729043	0.21483890980816	0.721087520356107	0.82948
enhancer_mutagenesis_630_GtoC	0.999961620297241	0.999999449729043	0.000246794373279006	0.0225220921322638	1.5353
enhancer_mutagenesis_630_GtoT	0.776944618537868	0.999999449729043	0.140337881011284	0.550955343280541	0.84749
enhancer_mutagenesis_631_CtoA	0.99836257165439	0.999999449729043	0.00751758101601935	0.109339039444104	1.1966
enhancer_mutagenesis_631_CtoG	0.98215378587343	0.999999449729043	0.0343115582138916	0.235768134918551	0.92323
enhancer_mutagenesis_631_CtoT	0.815880832058363	0.999999449729043	0.302778070814526	0.861372250023374	-0.18429
enhancer_mutagenesis_632_CtoA	0.922024811050085	0.999999449729043	0.00721842243340611	0.105651250557755	0.094008
enhancer_mutagenesis_632_CtoG	0.993445270450097	0.999999449729043	0.00987337037829594	0.124149167685127	1.7348
enhancer_mutagenesis_632_CtoT	0.999328369116183	0.999999449729043	0.0172650688854458	0.165450863953697	0.91496
enhancer_mutagenesis_633_AtoC	0.999190694824989	0.999999449729043	0.0319817166543017	0.226292254597194	0.98072
enhancer_mutagenesis_633_AtoG	0.999982970745938	0.999999449729043	0.000593877306228109	0.0380571771983592	1.516
enhancer_mutagenesis_633_AtoT	0.972794603732638	0.999999449729043	0.308035156281919	0.864347308838224	0.36631
enhancer_mutagenesis_634_TtoA	0.990791940458231	0.999999449729043	0.187022010149663	0.658096266897603	0.6284
enhancer_mutagenesis_634_TtoC	0.834922193352626	0.999999449729043	0.00893805469335555	0.11837025912356	1.5133
enhancer_mutagenesis_634_TtoG	0.948066359592426	0.999999449729043	0.281052119755836	0.831406157650598	-0.11923
enhancer_mutagenesis_635_CtoA	0.980435864324153	0.999999449729043	0.1403694476578	0.550955343280541	0.094008
enhancer_mutagenesis_635_CtoG	0.884787951092085	0.999999449729043	0.706612753300998	0.999998990089494	0.15172
enhancer_mutagenesis_635_CtoT	0.989693694060391	0.999999449729043	0.0842503544123832	0.405454830609594	0.86511
enhancer_mutagenesis_636_TtoA	0.997721284112335	0.999999449729043	0.0297815349141195	0.216577940014347	0.84773
enhancer_mutagenesis_636_TtoC	0.925133247275013	0.999999449729043	0.00857292065055675	0.117556129008883	1.453
enhancer_mutagenesis_636_TtoG	0.972688286832182	0.999999449729043	0.0389531718801865	0.254948509955821	0.90912
enhancer_mutagenesis_637_GtoA	0.821869672430411	0.999999449729043	0.638371452467604	0.999998990089494	-0.032247
enhancer_mutagenesis_637_GtoC	0.985870680471315	0.999999449729043	0.00770689921914222	0.110860781075353	1.7686
enhancer_mutagenesis_637_GtoT	0.892682457454871	0.999999449729043	0.0861677757870826	0.411869792422782	0.76927
enhancer_mutagenesis_638_AtoC	0.896453587941803	0.999999449729043	0.0806525993533709	0.396714473279136	1.1545
enhancer_mutagenesis_638_AtoG	0.160739692402242	0.853494146645824	0.924460048399658	0.999998990089494	-0.51958
enhancer_mutagenesis_638_AtoT	0.445286348690546	0.999999449729043	0.745570867671341	0.999998990089494	0.059666
enhancer_mutagenesis_639_TtoA	0.712019245274607	0.999999449729043	0.273233495675753	0.820327169356791	-0.032061
enhancer_mutagenesis_639_TtoC	0.824403906572449	0.999999449729043	0.0774145853344357	0.386040732201053	0.28415
enhancer_mutagenesis_639_TtoG	0.962864026196868	0.999999449729043	0.203201000983235	0.697221783190183	0.52341
enhancer_mutagenesis_64_AtoC	0.422918995473182	0.999999449729043	0.942969081549035	0.999998990089494	-0.11474
enhancer_mutagenesis_64_AtoG	0.757251871892695	0.999999449729043	0.502177870050931	0.999998990089494	0.20895
enhancer_mutagenesis_64_AtoT	0.852741871361435	0.999999449729043	0.162800199815308	0.596934065989464	0.62422
enhancer_mutagenesis_640_TtoA	0.9932714011127	0.999999449729043	0.0505006176125281	0.295499154195442	1.0033
enhancer_mutagenesis_640_TtoC	0.860556355497279	0.999999449729043	0.0676142049473254	0.354737452008212	0.53922
enhancer_mutagenesis_640_TtoG	0.970833686555967	0.999999449729043	0.300530280255911	0.861372250023374	0.66938
enhancer_mutagenesis_641_AtoC	0.970868851620489	0.999999449729043	0.160240181491853	0.591860805356636	0.82187
enhancer_mutagenesis_641_AtoG	0.360986802266696	0.999999449729043	0.917425647908639	0.999998990089494	-0.69878
enhancer_mutagenesis_641_AtoT	0.99519854322253	0.999999449729043	0.00549569677316759	0.0922290650779022	0.99087
enhancer_mutagenesis_642_GtoA	0.972912839422779	0.999999449729043	0.233258050698514	0.757654561698152	0.64651
enhancer_mutagenesis_642_GtoC	0.987626680531989	0.999999449729043	0.00105028019465677	0.0454631016603581	1.4862
enhancer_mutagenesis_642_GtoT	0.993185426226455	0.999999449729043	0.0824454747594777	0.400449448831749	0.72585
enhancer_mutagenesis_643_AtoC	0.99376506772403	0.999999449729043	0.0245560578955297	0.192478322067356	1.3344
enhancer_mutagenesis_643_AtoG	0.966617745679991	0.999999449729043	0.0153703739022756	0.155365401066246	1.1
enhancer_mutagenesis_643_AtoT	0.611395996675137	0.999999449729043	0.532672250877957	0.999998990089494	-0.46078
enhancer_mutagenesis_644_TtoA	0.691118472757199	0.999999449729043	0.428034447206163	0.999998990089494	0.73413
enhancer_mutagenesis_644_TtoC	0.935410859627196	0.999999449729043	0.110475384611876	0.480439463312111	0.55548
enhancer_mutagenesis_644_TtoG	0.908796806719162	0.999999449729043	0.308488136236236	0.864691585296002	0.4332
enhancer_mutagenesis_645_GtoA	0.044847175588646	0.425398209025635	0.176514994963442	0.635502952304277	0.0091951
enhancer_mutagenesis_645_GtoC	0.797878996547888	0.999999449729043	0.611065357751706	0.999998990089494	0.00077721
enhancer_mutagenesis_645_GtoT	0.993513068384695	0.999999449729043	0.0183125445608551	0.170007949150067	0.98117
enhancer_mutagenesis_646_AtoC	0.999023610422926	0.999999449729043	0.00062257026499469	0.0380571771983592	1.4913
enhancer_mutagenesis_646_AtoG	0.621780018461109	0.999999449729043	0.086975905804677	0.414759419666019	-0.09665
enhancer_mutagenesis_646_AtoT	0.945112387339363	0.999999449729043	0.282629869463037	0.835129794869334	0.38236
enhancer_mutagenesis_647_GtoA	0.94121782790104	0.999999449729043	0.392784509532802	0.967365800523873	0.50647
enhancer_mutagenesis_647_GtoC	0.780544306990399	0.999999449729043	0.535485689003974	0.999998990089494	0.26843
enhancer_mutagenesis_647_GtoT	0.940443648653248	0.999999449729043	0.212027124515427	0.713479449847542	0.37932
enhancer_mutagenesis_648_TtoA	0.814639176179128	0.999999449729043	0.5235275346831	0.999998990089494	0.43342
enhancer_mutagenesis_648_TtoC	0.925961504493424	0.999999449729043	0.109273467984469	0.476796565305566	0.45079
enhancer_mutagenesis_648_TtoG	0.734822414807242	0.999999449729043	0.345084378694973	0.909437950982863	-0.18811
enhancer_mutagenesis_649_CtoA	0.926581183500416	0.999999449729043	0.100327627928687	0.451301941438665	0.69053
enhancer_mutagenesis_649_CtoG	0.896099895193735	0.999999449729043	0.357767816089786	0.925737860607223	0.37719
enhancer_mutagenesis_649_CtoT	0.981969843876955	0.999999449729043	0.0537778680388774	0.308751005538993	0.791
enhancer_mutagenesis_65_CtoA	0.565385576679339	0.999999449729043	0.751572278056662	0.999998990089494	-0.037361
enhancer_mutagenesis_65_CtoG	0.854432433495771	0.999999449729043	0.286521273539017	0.837285602978758	0.56368
enhancer_mutagenesis_65_CtoT	0.766693455443704	0.999999449729043	0.333131832649092	0.90470864924826	0.42388
enhancer_mutagenesis_650_AtoC	0.95131613060892	0.999999449729043	5.33619208743538e-06	0.0043388200423653	2.9669
enhancer_mutagenesis_650_AtoG	0.676800049918138	0.999999449729043	0.314469210587489	0.873665280476747	0.47297
enhancer_mutagenesis_650_AtoT	0.405484780133185	0.999999449729043	0.176717398501724	0.635502952304277	0.49606
enhancer_mutagenesis_651_AtoC	0.0556525940353131	0.470217787233575	0.993617171955387	0.999998990089494	-0.78725
enhancer_mutagenesis_651_AtoG	0.998106483741534	0.999999449729043	0.0122322937453242	0.138035107867494	1.1505
enhancer_mutagenesis_651_AtoT	0.49096067766704	0.999999449729043	0.660851177716182	0.999998990089494	-0.32626
enhancer_mutagenesis_652_AtoC	0.983983365264059	0.999999449729043	6.41193755588326e-05	0.0124667798598493	1.9907
enhancer_mutagenesis_652_AtoG	0.99266187012282	0.999999449729043	0.0543731228899657	0.30945580832545	0.67053
enhancer_mutagenesis_652_AtoT	0.996141323003618	0.999999449729043	0.0446466063210432	0.280299317382473	0.85641
enhancer_mutagenesis_653_TtoA	0.0692872881841166	0.541474986465723	0.888672989204137	0.999998990089494	-0.61127
enhancer_mutagenesis_653_TtoC	0.995631570321543	0.999999449729043	0.065455516414056	0.349007213792258	1.0058
enhancer_mutagenesis_653_TtoG	0.965099946251053	0.999999449729043	0.148394161749167	0.566320576471311	0.46842
enhancer_mutagenesis_654_TtoA	0.988480500904534	0.999999449729043	0.0108402919121295	0.128999473754341	0.89167
enhancer_mutagenesis_654_TtoC	0.893515556549534	0.999999449729043	0.0113203553077802	0.132899956034836	0.9482
enhancer_mutagenesis_654_TtoG	0.995602921521523	0.999999449729043	0.021388513255762	0.183590582634705	1.1651
enhancer_mutagenesis_655_GtoA	0.998571780671154	0.999999449729043	0.00321038382753688	0.074378627083996	1.3637
enhancer_mutagenesis_655_GtoC	0.973086602803378	0.999999449729043	0.108556052787531	0.475415320706534	0.68295
enhancer_mutagenesis_655_GtoT	0.825672594693924	0.999999449729043	0.309291043769979	0.86601492255594	0.24511
enhancer_mutagenesis_656_CtoA	0.98817540857962	0.999999449729043	0.047160435238305	0.287799579146579	0.71509
enhancer_mutagenesis_656_CtoG	0.97748961334836	0.999999449729043	0.337340937823099	0.906733650124099	0.35831
enhancer_mutagenesis_656_CtoT	0.983429684132497	0.999999449729043	0.00844843056835004	0.117556129008883	1.3175
enhancer_mutagenesis_657_AtoC	0.982429511005058	0.999999449729043	0.0103399186379664	0.125212855234346	1.5697
enhancer_mutagenesis_657_AtoG	0.693399312493854	0.999999449729043	0.398709712612461	0.976974425577588	0.14027
enhancer_mutagenesis_657_AtoT	0.868914369779179	0.999999449729043	0.25590383299184	0.79139921104625	0.32341
enhancer_mutagenesis_658_TtoA	0.972785434549828	0.999999449729043	0.212921628188009	0.715569733756366	0.46793
enhancer_mutagenesis_658_TtoC	0.935495083246289	0.999999449729043	0.157597412165388	0.588559282690672	0.25472
enhancer_mutagenesis_658_TtoG	0.997945019082985	0.999999449729043	0.000127549727030464	0.016824544466063	1.8952
enhancer_mutagenesis_659_TtoA	0.749495734657614	0.999999449729043	0.512151490347708	0.999998990089494	0.2399
enhancer_mutagenesis_659_TtoC	0.989924575678926	0.999999449729043	0.140762716314868	0.551671843281921	0.63411
enhancer_mutagenesis_659_TtoG	0.970677610694076	0.999999449729043	0.204934743207258	0.698380738298885	0.40648
enhancer_mutagenesis_66_AtoC	0.816299588080284	0.999999449729043	0.387144680167165	0.965280735883465	0.35131
enhancer_mutagenesis_66_AtoG	0.793335989191946	0.999999449729043	0.372210007307001	0.946063882650222	0.076394
enhancer_mutagenesis_66_AtoT	0.515524083389023	0.999999449729043	0.476360858009775	0.999998990089494	-0.54213
enhancer_mutagenesis_660_CtoA	0.862815377809391	0.999999449729043	0.612396689633858	0.999998990089494	0.17222
enhancer_mutagenesis_660_CtoG	0.97470885376469	0.999999449729043	0.0665985953208914	0.351890445361766	0.99818
enhancer_mutagenesis_660_CtoT	0.520551868545361	0.999999449729043	0.712053558070401	0.999998990089494	0.078556
enhancer_mutagenesis_661_TtoA	0.596589488126648	0.999999449729043	0.455291946529126	0.999998990089494	0.28859
enhancer_mutagenesis_661_TtoC	0.984956858475822	0.999999449729043	0.063287610203282	0.341622605179778	0.91686
enhancer_mutagenesis_661_TtoG	0.978783416947663	0.999999449729043	0.0355803852937933	0.238290241754045	0.71713
enhancer_mutagenesis_662_GtoA	0.991954615621292	0.999999449729043	0.0152758106793699	0.155008032397638	0.62947
enhancer_mutagenesis_662_GtoC	0.998488045400645	0.999999449729043	0.00877859192687516	0.118363796270869	1.4551
enhancer_mutagenesis_662_GtoT	0.642417124240978	0.999999449729043	0.3626082540598	0.933107099805799	0.27343
enhancer_mutagenesis_663_AtoC	0.902847689109408	0.999999449729043	0.194214274889813	0.676134270826502	0.48785
enhancer_mutagenesis_663_AtoG	0.981812281846741	0.999999449729043	0.00406528076136878	0.0852489625875839	0.93332
enhancer_mutagenesis_663_AtoT	0.551973864769941	0.999999449729043	0.130146541034534	0.526690418077426	0.45469
enhancer_mutagenesis_664_TtoA	0.999643527624435	0.999999449729043	0.00125985462561068	0.0484337867523954	1.3042
enhancer_mutagenesis_664_TtoC	0.999532939791411	0.999999449729043	0.00142129076993544	0.0502829626444728	1.6776
enhancer_mutagenesis_664_TtoG	0.803695759979639	0.999999449729043	0.3036029339539	0.861372250023374	0.64143
enhancer_mutagenesis_665_TtoA	0.988650145136316	0.999999449729043	0.0822917853023944	0.400449448831749	0.86633
enhancer_mutagenesis_665_TtoC	0.926728279855495	0.999999449729043	0.425782031484932	0.999998990089494	0.39235
enhancer_mutagenesis_665_TtoG	0.996265095403807	0.999999449729043	0.0218877561596144	0.186651940149415	1.1914
enhancer_mutagenesis_666_TtoA	0.997869556735408	0.999999449729043	0.0355349408675432	0.238290241754045	0.77068
enhancer_mutagenesis_666_TtoC	0.965211027295058	0.999999449729043	0.234302074693607	0.757838991601227	0.42478
enhancer_mutagenesis_666_TtoG	0.810082478408641	0.999999449729043	0.13058932089057	0.526784040202637	0.36363
enhancer_mutagenesis_667_AtoC	0.0824578920961755	0.588214609013045	0.572770788273417	0.999998990089494	-1.4509
enhancer_mutagenesis_667_AtoG	0.944458079136148	0.999999449729043	0.324584424455669	0.890735873401406	0.33269
enhancer_mutagenesis_667_AtoT	0.0386862448537579	0.388048233820453	0.795353296798091	0.999998990089494	-1.5517
enhancer_mutagenesis_668_GtoA	0.626942779423714	0.999999449729043	0.553602329922025	0.999998990089494	0.31573
enhancer_mutagenesis_668_GtoC	0.946941496153465	0.999999449729043	0.16028781411609	0.591860805356636	0.66396
enhancer_mutagenesis_668_GtoT	0.740553994321488	0.999999449729043	0.418635677652895	0.999998990089494	-0.027904
enhancer_mutagenesis_669_CtoA	0.939656288638071	0.999999449729043	0.0355888023398898	0.238290241754045	1.0038
enhancer_mutagenesis_669_CtoG	0.841489009178415	0.999999449729043	0.126788069607845	0.519037660780058	0.51008
enhancer_mutagenesis_669_CtoT	0.84479879950105	0.999999449729043	0.669070792988498	0.999998990089494	0.066354
enhancer_mutagenesis_67_GtoA	0.290339928939739	0.999999449729043	0.948184890380528	0.999998990089494	-0.70792
enhancer_mutagenesis_67_GtoC	0.406716501686031	0.999999449729043	0.893443869063098	0.999998990089494	-0.36258
enhancer_mutagenesis_67_GtoT	0.919944810601735	0.999999449729043	0.112460795229588	0.481869659428904	0.72991
enhancer_mutagenesis_670_TtoA	0.958519029546332	0.999999449729043	0.124976679148344	0.516070892760828	0.82371
enhancer_mutagenesis_670_TtoC	0.777344860496734	0.999999449729043	0.4119015465107	0.995713987779329	0.16503
enhancer_mutagenesis_670_TtoG	0.631128797538365	0.999999449729043	0.861489018399675	0.999998990089494	-0.36402
enhancer_mutagenesis_671_GtoA	0.927534376627112	0.999999449729043	0.207621173235825	0.704996409249533	0.54146
enhancer_mutagenesis_671_GtoC	0.9933748581978	0.999999449729043	0.0142913726066375	0.150537151541291	1.1974
enhancer_mutagenesis_671_GtoT	0.739489878975398	0.999999449729043	0.0124611872129495	0.138764892038498	1.287
enhancer_mutagenesis_672_AtoC	0.983702300812185	0.999999449729043	0.0177565374300631	0.166465322011062	0.91964
enhancer_mutagenesis_672_AtoG	0.248171638067529	0.999999449729043	0.967209197275808	0.999998990089494	-0.51048
enhancer_mutagenesis_672_AtoT	0.989655450659962	0.999999449729043	0.135431711253266	0.540488140336967	0.43303
enhancer_mutagenesis_673_GtoA	0.838423012731228	0.999999449729043	0.132721556770101	0.533740454107718	0.48666
enhancer_mutagenesis_673_GtoC	0.746577628583752	0.999999449729043	0.512869705397246	0.999998990089494	-0.035436
enhancer_mutagenesis_673_GtoT	0.952813477404686	0.999999449729043	0.305066691345324	0.861372250023374	0.38628
enhancer_mutagenesis_674_AtoC	0.991164299037714	0.999999449729043	0.030201047953575	0.217587735234009	0.92919
enhancer_mutagenesis_674_AtoG	0.998453444438016	0.999999449729043	0.0315101042772546	0.22416699184199	0.72986
enhancer_mutagenesis_674_AtoT	0.955930799866315	0.999999449729043	0.506652437607851	0.999998990089494	0.25492
enhancer_mutagenesis_675_GtoA	0.977743249107928	0.999999449729043	0.103574516859277	0.458812326797947	0.86884
enhancer_mutagenesis_675_GtoC	0.976485666149424	0.999999449729043	0.21877834136329	0.727778523111936	0.52335
enhancer_mutagenesis_675_GtoT	0.999930708509023	0.999999449729043	0.00283636279118352	0.0707199789268425	1.4246
enhancer_mutagenesis_676_TtoA	0.741308176835719	0.999999449729043	0.166235345685599	0.608677111894962	0.56705
enhancer_mutagenesis_676_TtoC	0.994642694112363	0.999999449729043	0.0640383845301636	0.343550185860591	0.74922
enhancer_mutagenesis_676_TtoG	0.994862016262154	0.999999449729043	0.0417458502736785	0.26786920592277	0.87018
enhancer_mutagenesis_677_TtoA	0.999100282180476	0.999999449729043	0.00881624914928166	0.118363796270869	1.3161
enhancer_mutagenesis_677_TtoC	0.93836370461744	0.999999449729043	0.245061173697695	0.777384171772466	0.20869
enhancer_mutagenesis_677_TtoG	0.999756088687799	0.999999449729043	0.00458054094980585	0.0866397185784857	0.97392
enhancer_mutagenesis_678_AtoC	0.993212895607716	0.999999449729043	0.0383485209414017	0.251620119861127	0.8422
enhancer_mutagenesis_678_AtoG	0.996549247953619	0.999999449729043	0.0273976462952979	0.204934394288828	1.0271
enhancer_mutagenesis_678_AtoT	0.999814644691274	0.999999449729043	0.0053315636643528	0.0918291689031291	1.2443
enhancer_mutagenesis_679_CtoA	0.996242132992414	0.999999449729043	0.0265420727053699	0.201680876192971	0.54542
enhancer_mutagenesis_679_CtoG	0.968590579684151	0.999999449729043	0.197829455411129	0.684171088859095	0.57977
enhancer_mutagenesis_679_CtoT	0.999413334579116	0.999999449729043	0.00824283351534627	0.11664723320636	0.5528
enhancer_mutagenesis_68_GtoA	0.463507118073288	0.999999449729043	0.903990547301061	0.999998990089494	-0.24185
enhancer_mutagenesis_68_GtoC	0.035089819940063	0.373331247263527	0.997557154267761	0.999998990089494	-0.65697
enhancer_mutagenesis_68_GtoT	0.276910328844761	0.999999449729043	0.801343267793819	0.999998990089494	-0.64876
enhancer_mutagenesis_680_TtoA	0.997660409342621	0.999999449729043	0.0528273105855175	0.305977652904613	0.60309
enhancer_mutagenesis_680_TtoC	0.999972508986893	0.999999449729043	0.000937622354774624	0.0447554783341789	1.1304
enhancer_mutagenesis_680_TtoG	0.678832340257496	0.999999449729043	0.0486370004940771	0.291919661416451	0.63635
enhancer_mutagenesis_681_AtoC	0.936676407039424	0.999999449729043	0.126884684071519	0.519037660780058	0.87673
enhancer_mutagenesis_681_AtoG	0.998966539976038	0.999999449729043	0.0348675071617469	0.236756879509633	0.8481
enhancer_mutagenesis_681_AtoT	0.999990763922341	0.999999449729043	0.000629836564743969	0.0380571771983592	0.95597
enhancer_mutagenesis_682_AtoC	0.959174599813522	0.999999449729043	0.524790125839876	0.999998990089494	0.21175
enhancer_mutagenesis_682_AtoG	0.983558983228121	0.999999449729043	0.0302303749195523	0.217587735234009	1.18
enhancer_mutagenesis_682_AtoT	0.999987778474886	0.999999449729043	0.00104028099742769	0.0454631016603581	1.222
enhancer_mutagenesis_683_GtoA	0.999933956102395	0.999999449729043	0.00317391926626121	0.0741903628488559	0.95222
enhancer_mutagenesis_683_GtoC	0.997723575781683	0.999999449729043	0.0292933936041836	0.214054399064081	0.96751
enhancer_mutagenesis_683_GtoT	0.955059776678696	0.999999449729043	0.569344645301348	0.999998990089494	0.15903
enhancer_mutagenesis_684_GtoA	0.999681846461052	0.999999449729043	0.00381460269088779	0.0829167201039219	1.0325
enhancer_mutagenesis_684_GtoC	0.999792316239395	0.999999449729043	0.00778565615779906	0.111381682082612	0.87838
enhancer_mutagenesis_684_GtoT	0.855714988027576	0.999999449729043	0.277691450587476	0.827071919952232	0.54194
enhancer_mutagenesis_685_GtoA	0.973789880280253	0.999999449729043	0.343669853388408	0.908257126860204	0.64407
enhancer_mutagenesis_685_GtoC	0.999912270831413	0.999999449729043	0.000737837943061085	0.0381113059617794	1.0105
enhancer_mutagenesis_685_GtoT	0.996742140398918	0.999999449729043	0.0710187507757483	0.366720097694101	0.77275
enhancer_mutagenesis_686_CtoA	0.992206212555952	0.999999449729043	0.126483470046996	0.519018377089397	0.62353
enhancer_mutagenesis_686_CtoG	0.998181243989643	0.999999449729043	0.0330590175939589	0.231413123157712	0.6191
enhancer_mutagenesis_686_CtoT	0.999318982935311	0.999999449729043	0.00600327825531367	0.0960224990323533	1.2098
enhancer_mutagenesis_687_TtoA	0.9905098252359	0.999999449729043	0.0375770074830132	0.247800014081936	0.89864
enhancer_mutagenesis_687_TtoC	0.998223709784648	0.999999449729043	0.00441993399397679	0.0864944036951581	0.96755
enhancer_mutagenesis_687_TtoG	0.997849901845402	0.999999449729043	0.0129962848423635	0.140596172385568	0.93834
enhancer_mutagenesis_688_CtoA	0.99742681778966	0.999999449729043	0.069911428626956	0.363873002277079	0.56107
enhancer_mutagenesis_688_CtoG	0.97479610953401	0.999999449729043	0.302022518190594	0.861372250023374	0.57377
enhancer_mutagenesis_688_CtoT	0.999249427276575	0.999999449729043	0.0122081903763886	0.138035107867494	0.74986
enhancer_mutagenesis_689_CtoA	0.997879737793364	0.999999449729043	0.0468908463165481	0.287338427545755	0.86175
enhancer_mutagenesis_689_CtoG	0.89275433231017	0.999999449729043	0.249294404829423	0.781620062087938	0.2489
enhancer_mutagenesis_689_CtoT	0.994408082589003	0.999999449729043	0.0288917230541696	0.212467783583753	0.66578
enhancer_mutagenesis_69_TtoA	0.906265761343078	0.999999449729043	0.542618609243535	0.999998990089494	0.0049326
enhancer_mutagenesis_69_TtoC	0.457737714519972	0.999999449729043	0.812384710881511	0.999998990089494	-0.35928
enhancer_mutagenesis_69_TtoG	0.674294754677428	0.999999449729043	0.373415515693459	0.947199864807496	0.10932
enhancer_mutagenesis_690_CtoA	0.999946593040436	0.999999449729043	0.00230784754532151	0.0635994197226497	1.0486
enhancer_mutagenesis_690_CtoG	0.99999533591017	0.999999449729043	0.000139313905757553	0.0173678002511083	1.5283
enhancer_mutagenesis_690_CtoT	0.999656779204854	0.999999449729043	0.0083574578354199	0.117004409695879	0.86078
enhancer_mutagenesis_691_TtoA	0.957303403547933	0.999999449729043	0.00460204424731481	0.0866397185784857	1.3632
enhancer_mutagenesis_691_TtoC	0.999631423540692	0.999999449729043	0.0158057173487914	0.158541639920061	0.69988
enhancer_mutagenesis_691_TtoG	0.987501604198825	0.999999449729043	0.058827856154674	0.327227359477171	0.98826
enhancer_mutagenesis_692_GtoA	0.999036069425439	0.999999449729043	0.0163336263321591	0.160757269690197	0.83489
enhancer_mutagenesis_692_GtoC	0.999612917911303	0.999999449729043	0.0141074102797263	0.149527125960823	0.87818
enhancer_mutagenesis_692_GtoT	0.999633714562492	0.999999449729043	0.0185145397580313	0.171275848362283	0.70957
enhancer_mutagenesis_693_AtoC	0.998354841027248	0.999999449729043	0.0013214531370777	0.0484337867523954	1.0351
enhancer_mutagenesis_693_AtoG	0.991311071867126	0.999999449729043	0.222657412455673	0.737869754188546	0.68544
enhancer_mutagenesis_693_AtoT	0.996264633082481	0.999999449729043	0.179861805251307	0.642398644130863	0.32468
enhancer_mutagenesis_694_GtoA	0.999559307726356	0.999999449729043	0.0186820913309913	0.17221730670611	0.80223
enhancer_mutagenesis_694_GtoC	0.999284159763158	0.999999449729043	0.00435686272474157	0.0864944036951581	1.3076
enhancer_mutagenesis_694_GtoT	0.996598228838557	0.999999449729043	0.0027399563754823	0.0707199789268425	1.2777
enhancer_mutagenesis_695_TtoA	0.999685416545332	0.999999449729043	0.0117198537290157	0.134572706414751	1.1054
enhancer_mutagenesis_695_TtoC	0.994774070038753	0.999999449729043	0.0354030271104124	0.238290241754045	1.1838
enhancer_mutagenesis_695_TtoG	0.999224096606612	0.999999449729043	0.0236666633360209	0.188326214631315	0.83326
enhancer_mutagenesis_696_AtoC	0.998093797588897	0.999999449729043	0.0265775027832601	0.201680876192971	0.91462
enhancer_mutagenesis_696_AtoG	0.99275101413571	0.999999449729043	0.00178232937463022	0.0572753557825902	1.2613
enhancer_mutagenesis_696_AtoT	0.910334425552247	0.999999449729043	0.64476978393687	0.999998990089494	0.22985
enhancer_mutagenesis_697_AtoC	0.993231148316485	0.999999449729043	0.00111923726992353	0.0457837995728094	1.4436
enhancer_mutagenesis_697_AtoG	0.962346125261677	0.999999449729043	0.146230924780107	0.560516194837952	0.746
enhancer_mutagenesis_697_AtoT	0.998972699799536	0.999999449729043	0.0305298426876824	0.218978433305075	0.57128
enhancer_mutagenesis_698_CtoA	0.975668623449928	0.999999449729043	0.139440661782147	0.550111787912861	0.60735
enhancer_mutagenesis_698_CtoG	0.613447424729424	0.999999449729043	0.235800785001554	0.757838991601227	0.53508
enhancer_mutagenesis_698_CtoT	0.995432900855733	0.999999449729043	0.0209957534657044	0.182009544944418	1.0623
enhancer_mutagenesis_699_TtoA	0.467872493000177	0.999999449729043	0.752007535269279	0.999998990089494	-0.13536
enhancer_mutagenesis_699_TtoC	0.94171301383908	0.999999449729043	0.492980002112841	0.999998990089494	0.10459
enhancer_mutagenesis_699_TtoG	0.864397675020555	0.999999449729043	0.244539433015702	0.776946887906684	0.44084
enhancer_mutagenesis_7_TtoA	0.985131617451362	0.999999449729043	0.0840144549440133	0.405344511677207	0.72252
enhancer_mutagenesis_7_TtoC	0.857041030550814	0.999999449729043	0.26010603869681	0.798309037876025	0.40331
enhancer_mutagenesis_7_TtoG	0.966011366702808	0.999999449729043	0.288424716510411	0.839970417390962	0.26376
enhancer_mutagenesis_70_TtoA	0.230627356576154	0.999639767411211	0.960210670036944	0.999998990089494	0.1553
enhancer_mutagenesis_70_TtoC	0.251507234124629	0.999999449729043	0.942483675810992	0.999998990089494	-0.1718
enhancer_mutagenesis_70_TtoG	0.159882013258448	0.851243055098985	0.986541993283707	0.999998990089494	-0.71545
enhancer_mutagenesis_700_CtoA	0.950517997980487	0.999999449729043	0.0222522180197617	0.187774264070737	0.56734
enhancer_mutagenesis_700_CtoG	0.999734088877071	0.999999449729043	0.000709773822063034	0.0381113059617794	1.1891
enhancer_mutagenesis_700_CtoT	0.941749816020816	0.999999449729043	0.258952277860956	0.796635797226772	-0.066039
enhancer_mutagenesis_701_TtoA	0.998978648462928	0.999999449729043	0.0231274314546808	0.188326214631315	0.88758
enhancer_mutagenesis_701_TtoC	0.196544997862733	0.951230998585547	0.455955948960475	0.999998990089494	-0.63161
enhancer_mutagenesis_701_TtoG	0.981356447452101	0.999999449729043	0.0248242022674127	0.193020253180816	1.0557
enhancer_mutagenesis_702_TtoA	0.998324143815162	0.999999449729043	0.0545665729881881	0.309881319052226	0.73234
enhancer_mutagenesis_702_TtoC	0.99262433927479	0.999999449729043	0.190306734716241	0.666965236261204	0.69634
enhancer_mutagenesis_702_TtoG	0.988709356212481	0.999999449729043	0.0728156937867905	0.370878378081357	0.75144
enhancer_mutagenesis_703_CtoA	0.998649071722547	0.999999449729043	0.0162275962358667	0.160328251140512	0.72003
enhancer_mutagenesis_703_CtoG	0.833164044862944	0.999999449729043	0.0656314715707852	0.349234131244544	1.0084
enhancer_mutagenesis_703_CtoT	0.999802573068427	0.999999449729043	0.0104394520256113	0.125369199096561	1.2894
enhancer_mutagenesis_704_TtoA	0.767583165859877	0.999999449729043	0.0748354209654151	0.376221711919145	1.0552
enhancer_mutagenesis_704_TtoC	0.999816504890281	0.999999449729043	0.00442713907377815	0.0864944036951581	1.0683
enhancer_mutagenesis_704_TtoG	0.339505850884151	0.999999449729043	0.885298766424788	0.999998990089494	-0.30416
enhancer_mutagenesis_705_GtoA	0.998447741135888	0.999999449729043	0.0346746110617749	0.236568210824442	0.62365
enhancer_mutagenesis_705_GtoC	0.99308995925332	0.999999449729043	0.328742133017095	0.896507191915369	0.37939
enhancer_mutagenesis_705_GtoT	0.995420976250378	0.999999449729043	0.0760839509137045	0.380856182585236	0.96314
enhancer_mutagenesis_706_TtoA	0.995964885707716	0.999999449729043	0.00292046403646062	0.0717523968633224	1.3375
enhancer_mutagenesis_706_TtoC	0.99513206952046	0.999999449729043	0.11397280692019	0.484447027119695	0.78413
enhancer_mutagenesis_706_TtoG	0.659267527861054	0.999999449729043	0.587596696114305	0.999998990089494	-0.034169
enhancer_mutagenesis_707_CtoA	0.996753715344446	0.999999449729043	0.0598377224080993	0.331194835654131	0.59512
enhancer_mutagenesis_707_CtoG	0.893299185920818	0.999999449729043	0.389025022971012	0.966287960282836	0.7311
enhancer_mutagenesis_707_CtoT	0.997169672075214	0.999999449729043	0.0698190029519825	0.363873002277079	1.0577
enhancer_mutagenesis_708_AtoC	0.993766044285461	0.999999449729043	0.0154468538007267	0.155537935578086	0.97295
enhancer_mutagenesis_708_AtoG	0.909174958462251	0.999999449729043	0.0320863227119866	0.226420465929868	1.7433
enhancer_mutagenesis_708_AtoT	0.948775702858621	0.999999449729043	0.0199576928442215	0.179071395581325	0.99658
enhancer_mutagenesis_709_TtoA	0.968144799793715	0.999999449729043	0.373414593854319	0.947199864807496	0.44112
enhancer_mutagenesis_709_TtoC	0.990808889251857	0.999999449729043	0.0797974234702814	0.394169159707918	0.73994
enhancer_mutagenesis_709_TtoG	0.994809945198257	0.999999449729043	0.0439569166797997	0.277830641389862	0.9739
enhancer_mutagenesis_71_CtoA	0.203662739091951	0.957251437958216	0.91590431504365	0.999998990089494	-0.36126
enhancer_mutagenesis_71_CtoG	0.0457163785704885	0.429015398960364	0.997619657711311	0.999998990089494	-0.68659
enhancer_mutagenesis_71_CtoT	0.213406664147216	0.96996292836356	0.927486059561584	0.999998990089494	-0.21085
enhancer_mutagenesis_710_CtoA	0.986950536504784	0.999999449729043	0.141634327818016	0.551979965055907	0.56668
enhancer_mutagenesis_710_CtoG	0.974625408589959	0.999999449729043	0.294151624766714	0.852811687308148	0.43549
enhancer_mutagenesis_710_CtoT	0.994637053144512	0.999999449729043	0.00210729507147918	0.06134108048103	1.4546
enhancer_mutagenesis_711_TtoA	0.972955135977853	0.999999449729043	0.357352603371015	0.925737860607223	0.094008
enhancer_mutagenesis_711_TtoC	0.763773714441898	0.999999449729043	0.486929101025284	0.999998990089494	0.23097
enhancer_mutagenesis_711_TtoG	0.963250946801421	0.999999449729043	0.0478159683579783	0.289104399910363	1.0813
enhancer_mutagenesis_712_TtoA	0.972632702790938	0.999999449729043	0.298957835160891	0.860078695001333	-0.049282
enhancer_mutagenesis_712_TtoC	0.992189364406802	0.999999449729043	0.00127997336011197	0.0484337867523954	1.4489
enhancer_mutagenesis_712_TtoG	0.974741858166293	0.999999449729043	0.341505988483517	0.908257126860204	0.18107
enhancer_mutagenesis_713_TtoA	0.788848778920961	0.999999449729043	0.631400825348066	0.999998990089494	0.19221
enhancer_mutagenesis_713_TtoC	0.996227664782021	0.999999449729043	0.0542148728904191	0.30945580832545	0.73016
enhancer_mutagenesis_713_TtoG	0.993603900102481	0.999999449729043	0.00261933166612716	0.0706949515661949	0.98575
enhancer_mutagenesis_714_GtoA	0.522187286990718	0.999999449729043	0.357848248638086	0.925737860607223	0.58826
enhancer_mutagenesis_714_GtoC	0.74149886189005	0.999999449729043	0.221877665917459	0.736564898466157	0.87359
enhancer_mutagenesis_714_GtoT	0.735701355076848	0.999999449729043	0.0236657988670546	0.188326214631315	1.0647
enhancer_mutagenesis_715_AtoC	0.848718646275321	0.999999449729043	0.251477311573708	0.784705127175168	-0.15924
enhancer_mutagenesis_715_AtoG	0.23371551163419	0.999999449729043	0.349351074785088	0.917353173307282	-1.5828
enhancer_mutagenesis_715_AtoT	0.900308211827832	0.999999449729043	0.197516101566586	0.683990944313916	1.307
enhancer_mutagenesis_72_CtoA	0.340880766568136	0.999999449729043	0.956213139899911	0.999998990089494	-0.042641
enhancer_mutagenesis_72_CtoG	0.727707782647318	0.999999449729043	0.528797066891551	0.999998990089494	-0.3318
enhancer_mutagenesis_72_CtoT	0.24704047995109	0.999999449729043	0.719785284874421	0.999998990089494	-0.80083
enhancer_mutagenesis_73_TtoA	0.425320585570923	0.999999449729043	0.970682679370085	0.999998990089494	-0.34539
enhancer_mutagenesis_73_TtoC	0.0128112489551698	0.196139472307804	0.99975885024073	0.999998990089494	-0.93446
enhancer_mutagenesis_73_TtoG	0.726437135507686	0.999999449729043	0.707545339612389	0.999998990089494	0.16153
enhancer_mutagenesis_74_AtoC	0.0125560181812491	0.194142083653937	0.977290688837203	0.999998990089494	-0.27307
enhancer_mutagenesis_74_AtoG	0.0999919666462484	0.646367823900934	0.904879457604505	0.999998990089494	-0.86447
enhancer_mutagenesis_74_AtoT	0.0335458429247509	0.36455137520151	0.984841440284982	0.999998990089494	-0.99551
enhancer_mutagenesis_75_AtoC	0.712343054454341	0.999999449729043	0.862012298601267	0.999998990089494	0.0043403
enhancer_mutagenesis_75_AtoG	0.27867534325138	0.999999449729043	0.866010324602254	0.999998990089494	0.193
enhancer_mutagenesis_75_AtoT	0.000822734255451202	0.0321237117524454	0.999975697773028	0.999998990089494	-2.369
enhancer_mutagenesis_76_GtoA	0.308778622885251	0.999999449729043	0.859201315342971	0.999998990089494	-0.40324
enhancer_mutagenesis_76_GtoC	0.299076881181447	0.999999449729043	0.966388484579789	0.999998990089494	-0.40824
enhancer_mutagenesis_76_GtoT	0.703233598933476	0.999999449729043	0.747382739579862	0.999998990089494	-0.011751
enhancer_mutagenesis_77_TtoA	0.755016340712787	0.999999449729043	0.503401424212216	0.999998990089494	-0.21925
enhancer_mutagenesis_77_TtoC	0.733352466807452	0.999999449729043	0.939803556186617	0.999998990089494	0.016439
enhancer_mutagenesis_77_TtoG	0.119768982626316	0.710072746842454	0.8984021400605	0.999998990089494	-1.0373
enhancer_mutagenesis_78_GtoA	0.532858988501175	0.999999449729043	0.567643895154997	0.999998990089494	-0.52936
enhancer_mutagenesis_78_GtoC	0.889817521161403	0.999999449729043	0.247644234454388	0.781620062087938	0.40641
enhancer_mutagenesis_78_GtoT	0.0862093098875484	0.597079294406354	0.938932787092207	0.999998990089494	-1.1459
enhancer_mutagenesis_79_TtoA	0.129028243558937	0.745686405380346	0.958352347933185	0.999998990089494	-0.71939
enhancer_mutagenesis_79_TtoC	0.253024185358588	0.999999449729043	0.978276027031977	0.999998990089494	-0.63327
enhancer_mutagenesis_79_TtoG	0.0868559345189432	0.598755822513587	0.994310647556803	0.999998990089494	-0.55004
enhancer_mutagenesis_8_AtoC	0.998930963929374	0.999999449729043	0.0344794932602722	0.236301867422494	0.86229
enhancer_mutagenesis_8_AtoG	0.846430198662829	0.999999449729043	0.637727593654652	0.999998990089494	0.22438
enhancer_mutagenesis_8_AtoT	0.984588435977371	0.999999449729043	0.335846333224764	0.905015118491221	0.48128
enhancer_mutagenesis_80_GtoA	0.944323316415191	0.999999449729043	0.596189395494572	0.999998990089494	0.20485
enhancer_mutagenesis_80_GtoC	0.753232527958934	0.999999449729043	0.733401063680131	0.999998990089494	-0.083671
enhancer_mutagenesis_80_GtoT	0.630192653437852	0.999999449729043	0.869758343868551	0.999998990089494	-0.077857
enhancer_mutagenesis_81_CtoA	0.61877577663888	0.999999449729043	0.667453160777342	0.999998990089494	-0.11831
enhancer_mutagenesis_81_CtoG	0.526029279357931	0.999999449729043	0.783658176795519	0.999998990089494	0.21302
enhancer_mutagenesis_81_CtoT	0.0762350020592595	0.564214448564668	0.865726101614262	0.999998990089494	-0.95961
enhancer_mutagenesis_82_TtoA	0.128039528674947	0.743253849381397	0.984191122412422	0.999998990089494	-0.73898
enhancer_mutagenesis_82_TtoC	0.377980630099549	0.999999449729043	0.589549906381783	0.999998990089494	-0.55635
enhancer_mutagenesis_82_TtoG	0.497256180612563	0.999999449729043	0.463510537762512	0.999998990089494	0.55558
enhancer_mutagenesis_83_GtoA	0.496986638762174	0.999999449729043	0.95686469636154	0.999998990089494	-0.57095
enhancer_mutagenesis_83_GtoC	0.159973866733652	0.851243055098985	0.867712703205304	0.999998990089494	-0.32844
enhancer_mutagenesis_83_GtoT	0.753682798008856	0.999999449729043	0.868325015344675	0.999998990089494	-0.13052
enhancer_mutagenesis_84_CtoA	0.496963734621843	0.999999449729043	0.807967531354537	0.999998990089494	-0.30238
enhancer_mutagenesis_84_CtoG	0.0337379237996418	0.36455137520151	0.906637268033821	0.999998990089494	-0.8632
enhancer_mutagenesis_84_CtoT	0.761138391316856	0.999999449729043	0.732401439955918	0.999998990089494	0.009311
enhancer_mutagenesis_85_TtoA	0.428749402545752	0.999999449729043	0.946691907345462	0.999998990089494	-0.081959
enhancer_mutagenesis_85_TtoC	0.501285891195612	0.999999449729043	0.373847750785796	0.947199864807496	0.18097
enhancer_mutagenesis_85_TtoG	0.665187314531871	0.999999449729043	0.725411445628406	0.999998990089494	-0.21636
enhancer_mutagenesis_86_GtoA	0.054031976351469	0.466850541545036	0.997200412164872	0.999998990089494	-0.62705
enhancer_mutagenesis_86_GtoC	0.183308902680265	0.91759599850274	0.562720095358969	0.999998990089494	-0.84696
enhancer_mutagenesis_86_GtoT	0.671202028416191	0.999999449729043	0.127552193220504	0.520954199455976	0.66812
enhancer_mutagenesis_87_TtoA	0.245051408087622	0.999999449729043	0.982228651653112	0.999998990089494	-0.86858
enhancer_mutagenesis_87_TtoC	0.122676524067151	0.720105695084758	0.939086432431256	0.999998990089494	-0.98872
enhancer_mutagenesis_87_TtoG	0.714474892991527	0.999999449729043	0.765391624849242	0.999998990089494	0.10809
enhancer_mutagenesis_88_GtoA	0.0331296134924762	0.36455137520151	0.998905547432738	0.999998990089494	-0.70141
enhancer_mutagenesis_88_GtoC	0.611077670023917	0.999999449729043	0.614789078177657	0.999998990089494	-0.16541
enhancer_mutagenesis_88_GtoT	0.877216214882499	0.999999449729043	0.626034802924388	0.999998990089494	0.16632
enhancer_mutagenesis_89_GtoA	0.780019706627003	0.999999449729043	0.380909641715039	0.957026335902085	0.353
enhancer_mutagenesis_89_GtoC	0.516361142642993	0.999999449729043	0.684053328854908	0.999998990089494	-0.039079
enhancer_mutagenesis_89_GtoT	0.863685807372521	0.999999449729043	0.43303564822093	0.999998990089494	0.40984
enhancer_mutagenesis_9_CtoA	0.992538436876958	0.999999449729043	0.142084149437414	0.552607192170428	0.7351
enhancer_mutagenesis_9_CtoG	0.511515499627044	0.999999449729043	0.910349375600129	0.999998990089494	-0.1781
enhancer_mutagenesis_9_CtoT	0.956871643315258	0.999999449729043	0.162559977079521	0.596889228603345	0.21992
enhancer_mutagenesis_90_CtoA	0.164151568563801	0.861220053106277	0.418002383432876	0.999998990089494	-1.1007
enhancer_mutagenesis_90_CtoG	0.764417351320006	0.999999449729043	0.909777756171131	0.999998990089494	-0.090552
enhancer_mutagenesis_90_CtoT	0.751160193983213	0.999999449729043	0.811489014435598	0.999998990089494	-0.030045
enhancer_mutagenesis_91_GtoA	0.501298343884251	0.999999449729043	0.753750422008616	0.999998990089494	-0.21811
enhancer_mutagenesis_91_GtoC	0.989246227156294	0.999999449729043	0.159406239510344	0.59127172718653	0.65574
enhancer_mutagenesis_91_GtoT	0.852157692975627	0.999999449729043	0.104804267268563	0.460380412451926	0.72696
enhancer_mutagenesis_92_AtoC	0.309629901159171	0.999999449729043	0.682144436850136	0.999998990089494	-0.13474
enhancer_mutagenesis_92_AtoG	0.163041538409776	0.857113950917258	0.983403377333075	0.999998990089494	-0.69199
enhancer_mutagenesis_92_AtoT	0.953153667674391	0.999999449729043	0.495576042884975	0.999998990089494	0.020753
enhancer_mutagenesis_93_CtoA	0.565590258168975	0.999999449729043	0.894690887549776	0.999998990089494	-0.15817
enhancer_mutagenesis_93_CtoG	0.0882037040760045	0.606082145068188	0.995474632911589	0.999998990089494	-0.3867
enhancer_mutagenesis_93_CtoT	0.089912988749773	0.614601056258239	0.949968708398906	0.999998990089494	-1.0463
enhancer_mutagenesis_94_CtoA	0.702330126164164	0.999999449729043	0.765605967955534	0.999998990089494	-0.15442
enhancer_mutagenesis_94_CtoG	0.708932346373617	0.999999449729043	0.793350134637152	0.999998990089494	-0.19953
enhancer_mutagenesis_94_CtoT	0.384061139468669	0.999999449729043	0.799928138072947	0.999998990089494	-0.35795
enhancer_mutagenesis_95_AtoC	0.00215760035712743	0.0582329663397897	0.999980035695216	0.999998990089494	-1.9386
enhancer_mutagenesis_95_AtoG	0.213266652922085	0.96996292836356	0.94931037291982	0.999998990089494	-0.046443
enhancer_mutagenesis_95_AtoT	0.499597348350236	0.999999449729043	0.615370801634975	0.999998990089494	0.24213
enhancer_mutagenesis_96_GtoA	0.479957212919343	0.999999449729043	0.941531504660181	0.999998990089494	-0.40157
enhancer_mutagenesis_96_GtoC	0.0260694323174001	0.303332328030905	0.992073203054946	0.999998990089494	-0.86406
enhancer_mutagenesis_96_GtoT	0.16216078743648	0.854199077482302	0.663820993090806	0.999998990089494	-0.2024
enhancer_mutagenesis_97_GtoA	0.722644300489097	0.999999449729043	0.868811633626304	0.999998990089494	-0.44158
enhancer_mutagenesis_97_GtoC	0.385131973805845	0.999999449729043	0.551647503566655	0.999998990089494	-0.27819
enhancer_mutagenesis_97_GtoT	0.00138127124286254	0.0440996111440748	0.999946636483994	0.999998990089494	-3.4464
enhancer_mutagenesis_98_GtoA	0.218767698873171	0.982910442122914	0.944430394156378	0.999998990089494	-0.27446
enhancer_mutagenesis_98_GtoC	0.295886745586296	0.999999449729043	0.210377361615561	0.709655250297226	-0.51323
enhancer_mutagenesis_98_GtoT	0.140778802492216	0.790350466746586	0.837420445333872	0.999998990089494	-0.063509
enhancer_mutagenesis_99_GtoA	0.310374614173416	0.999999449729043	0.945077190816482	0.999998990089494	-0.27567
enhancer_mutagenesis_99_GtoC	0.0431313405110437	0.415139152418795	0.940255812191496	0.999998990089494	-0.89685
enhancer_mutagenesis_99_GtoT	0.0131616084700234	0.19802925847426	0.781620074930774	0.999998990089494	-2.391
P1_MYC_Codon_peg1	0.175770059819302	0.897645027908655	0.936438808770609	0.999998990089494	-0.76973
P10_MYC_Codon_peg10	0.859376577099458	0.999999449729043	0.135700642717847	0.540737112078117	0.18272
P100_AAVS1_peg1_CtoT	0.99881162429315	0.999999449729043	0.00499784808302107	0.0908636547315914	1.2433
P101_AAVS1_peg1_CtoG	0.999434321151537	0.999999449729043	0.00604009894301499	0.0960224990323533	1.2226
P102_AAVS1_peg2_TtoA	0.864663045131354	0.999999449729043	0.151296475991392	0.575718276374223	0.28298
P103_AAVS1_peg2_TtoC	0.993158561154308	0.999999449729043	0.0367869114054594	0.243818060910108	0.9876
P104_AAVS1_peg2_TtoG	0.997456904538627	0.999999449729043	0.0247533511123847	0.193020253180816	0.90612
P105_AAVS1_peg3_CtoA	0.996767556874528	0.999999449729043	0.020182457906276	0.180013883579935	1.0979
P106_AAVS1_peg3_CtoT	0.992629340910727	0.999999449729043	0.0233316475752678	0.188326214631315	1.0243
P107_AAVS1_peg3_CtoG	0.978577664336377	0.999999449729043	0.113289145109187	0.483047201784777	0.56949
P108_AAVS1_peg4_TtoA	0.225483531583503	0.990382058694277	0.89326505430938	0.999998990089494	-0.7292
P109_AAVS1_peg4_TtoC	0.390837152772836	0.999999449729043	0.629625087681715	0.999998990089494	0.087524
P11_MYC_Codon_peg11	7.65748459542184e-05	0.00961206508489596	0.0717148888684387	0.367416005983508	-5.4445
P110_AAVS1_peg4_TtoG	0.136172520833603	0.772006554396282	0.813797835985478	0.999998990089494	0.02382
P111_AAVS1_peg5_CtoA	0.000128130547278597	0.0096477697825564	0.999803882159167	0.999998990089494	-3.7271
P112_AAVS1_peg5_CtoT	0.00256289165493859	0.0645239888707927	0.942715710309463	0.999998990089494	-3.1889
P113_AAVS1_peg5_CtoG	0.0834198667119422	0.591851520465758	0.918651049504773	0.999998990089494	-0.74163
P114_AAVS1_peg6_CtoA	0.392307331738676	0.999999449729043	0.245270941896125	0.777384171772466	-0.2719
P115_AAVS1_peg6_CtoT	0.119025874135322	0.708203951105166	0.977787571245752	0.999998990089494	-0.71681
P116_AAVS1_peg6_CtoG	0.19885478974166	0.951230998585547	0.568210700928366	0.999998990089494	-0.49365
P117_AAVS1_peg7_TtoA	0.998949748433841	0.999999449729043	0.00132578985130281	0.0484337867523954	1.3345
P118_AAVS1_peg7_TtoC	0.996410011103603	0.999999449729043	0.0160912026472812	0.160328251140512	0.98111
P119_AAVS1_peg7_TtoG	0.989842103514246	0.999999449729043	0.0390584918851937	0.255000328567175	0.69089
P12_MYC_Codon_peg12	0.0222318870880414	0.277157525697583	0.9722028059155	0.999998990089494	-2.1393
P120_AAVS1_peg8_CtoA	0.998002435870405	0.999999449729043	0.0193391309469053	0.177027429437056	0.92578
P121_AAVS1_peg8_CtoT	0.921841883077101	0.999999449729043	0.272764008217966	0.819857834115541	0.3847
P122_AAVS1_peg8_CtoG	0.999184259073918	0.999999449729043	0.00360984647471288	0.0800896446677825	1.1548
P123_AAVS1_peg9_CtoA	0.996018259957244	0.999999449729043	0.0327581224726939	0.230395098702362	0.77048
P124_AAVS1_peg9_CtoT	0.879922058923422	0.999999449729043	0.294662069891048	0.853075775219096	0.22998
P125_AAVS1_peg9_CtoG	0.978943121968126	0.999999449729043	0.0505216127082428	0.295499154195442	0.90007
P126_AAVS1_peg10_TtoA	0.112288651512565	0.690074388872992	0.938461836711197	0.999998990089494	-0.53853
P127_AAVS1_peg10_TtoC	0.113862126252972	0.692818745021286	0.925939128566478	0.999998990089494	-0.4335
P128_AAVS1_peg10_TtoG	0.866503772275983	0.999999449729043	0.443246190488263	0.999998990089494	0.24074
P129_AAVS1_peg11_TtoA	0.481812980584395	0.999999449729043	0.712858741252098	0.999998990089494	-0.13301
P13_MYC_Codon_peg13	0.000581219077986261	0.0271719918958577	0.998595618832135	0.999998990089494	-5.098
P130_AAVS1_peg11_TtoC	0.504447509736782	0.999999449729043	0.731304881069169	0.999998990089494	-0.28353
P131_AAVS1_peg11_TtoG	0.7721080396003	0.999999449729043	0.509606528922487	0.999998990089494	0.081233
P132_AAVS1_peg12_CtoA	0.728924925551336	0.999999449729043	0.0876190658464255	0.416309826471764	0.084455
P133_AAVS1_peg12_CtoT	0.498864346222932	0.999999449729043	0.826076244635592	0.999998990089494	-0.22807
P134_AAVS1_peg12_CtoG	0.880233864351081	0.999999449729043	0.289846383940867	0.84313092573021	0.36377
P135_AAVS1_peg13_GtoA	0.954771934831265	0.999999449729043	0.194524532180521	0.676315040170788	0.41341
P136_AAVS1_peg13_GtoT	0.998687987287737	0.999999449729043	0.00717065380883989	0.105651250557755	1.4041
P137_AAVS1_peg13_GtoC	0.994745182984409	0.999999449729043	0.0206761413730161	0.180433793715187	0.83314
P138_AAVS1_peg14_CtoA	0.892059055038988	0.999999449729043	0.171483950428244	0.623196426342874	0.28304
P139_AAVS1_peg14_CtoT	0.974274653435525	0.999999449729043	0.0148877948433168	0.152848027058052	0.88156
P14_MYC_Codon_peg14	0.702249170702299	0.999999449729043	0.05032880034289	0.295499154195442	0.42895
P140_AAVS1_peg14_CtoG	0.959168110824828	0.999999449729043	0.154755407874143	0.581276410063855	0.70823
P141_AAVS1_peg15_CtoA	0.570880711543013	0.999999449729043	0.483823232187897	0.999998990089494	-0.37696
P142_AAVS1_peg15_CtoT	0.96208510781224	0.999999449729043	0.0229527500533154	0.188326214631315	1.1422
P143_AAVS1_peg15_CtoG	0.690121219292634	0.999999449729043	0.218708162491061	0.727778523111936	0.35653
P144_AAVS1_peg16_CtoA	0.979390671673572	0.999999449729043	0.0242512180025699	0.191234002200988	0.67874
P145_AAVS1_peg16_CtoT	0.982544762802523	0.999999449729043	0.110851999638364	0.481277835909182	0.69519
P146_AAVS1_peg16_CtoG	0.953237003016909	0.999999449729043	0.172001052767695	0.623196426342874	0.63294
P147_AAVS1_peg17_GtoA	0.463249243918533	0.999999449729043	0.733089189115194	0.999998990089494	-0.29289
P148_AAVS1_peg17_GtoT	0.0479784646425928	0.440709948163011	0.992211718035243	0.999998990089494	-1.287
P149_AAVS1_peg17_GtoC	0.225843425913095	0.990382058694277	0.905059953237551	0.999998990089494	-0.37667
P15_MYC_Codon_peg15	0.00195660829617337	0.0541458434150571	0.998332503926202	0.999998990089494	-1.9893
P150_AAVS1_peg18_TtoA	0.0150293534880003	0.216191469404313	0.935038769461178	0.999998990089494	-2.0756
P151_AAVS1_peg18_TtoC	0.600701467834384	0.999999449729043	0.114519666775855	0.485919753029479	0.49075
P152_AAVS1_peg18_TtoG	0.36355070327511	0.999999449729043	0.677724198777989	0.999998990089494	-0.41245
P153_AAVS1_peg20_CtoA	0.831770829163099	0.999999449729043	0.255803423717177	0.79139921104625	0.31212
P154_AAVS1_peg20_CtoT	0.720262132224066	0.999999449729043	0.117461833367603	0.493603659320041	0.21487
P155_AAVS1_peg20_CtoG	0.518412460039407	0.999999449729043	0.772718863753218	0.999998990089494	-0.35221
P156_AAVS1_peg21_CtoA	0.330139696390637	0.999999449729043	0.830190210515721	0.999998990089494	-0.54931
P157_AAVS1_peg21_CtoT	0.972425699344115	0.999999449729043	0.101985527091122	0.455609864897592	0.76497
P158_AAVS1_peg21_CtoG	0.986610975885387	0.999999449729043	0.0493030331006191	0.294021277123965	0.86937
P159_AAVS1_peg22_TtoA	0.997111693125406	0.999999449729043	0.01971666828377	0.179048095565354	0.9459
P16_MYC_Codon_peg16	0.363335525599633	0.999999449729043	5.91229313988736e-06	0.0043388200423653	2.4671
P160_AAVS1_peg22_TtoC	0.729952792627737	0.999999449729043	0.494817298499223	0.999998990089494	0.084003
P161_AAVS1_peg22_TtoG	0.979802379561971	0.999999449729043	0.12565931906833	0.516445992654457	0.57385
P162_AAVS1_peg23_CtoA	0.972195917168621	0.999999449729043	0.0616398519843932	0.33760069559653	0.8525
P163_AAVS1_peg23_CtoT	0.933992459069225	0.999999449729043	0.249595949293231	0.781629420155117	0.46878
P164_AAVS1_peg23_CtoG	0.476071133192038	0.999999449729043	0.689201431455687	0.999998990089494	-0.29386
P165_AAVS1_peg24_GtoA	0.980847255421554	0.999999449729043	0.0975220156632064	0.444021977402216	0.80155
P166_AAVS1_peg24_GtoT	0.787988585186788	0.999999449729043	0.097486044904053	0.444021977402216	-0.023628
P167_AAVS1_peg24_GtoC	0.831775326532339	0.999999449729043	0.352758483625176	0.920671036538984	0.31695
P168_AAVS1_peg25_AtoT	0.907264102492614	0.999999449729043	0.12345900569919	0.511417210317215	0.6834
P169_AAVS1_peg25_AtoC	0.318367457549418	0.999999449729043	0.687093988674959	0.999998990089494	-0.52605
P17_MYC_Codon_peg17	0.927789894734302	0.999999449729043	0.00196372754502671	0.0605169843447876	1.875
P170_AAVS1_peg25_AtoG	0.808352835695799	0.999999449729043	0.13647035346534	0.542977789319542	0.18403
P171_AAVS1_peg26_CtoA	0.0680084775911969	0.53933679836464	0.635187671480676	0.999998990089494	-0.96884
P172_AAVS1_peg26_CtoT	0.993568518904977	0.999999449729043	0.00073099966069983	0.0381113059617794	1.7934
P173_AAVS1_peg26_CtoG	0.579837606246053	0.999999449729043	0.436721584890399	0.999998990089494	0.39152
P174_AAVS1_peg27_CtoA	0.998763006743565	0.999999449729043	0.000639554500270573	0.0380571771983592	1.3094
P175_AAVS1_peg27_CtoT	0.859049724583757	0.999999449729043	0.404201309098938	0.986198538005443	0.21958
P176_AAVS1_peg27_CtoG	0.945384880456296	0.999999449729043	0.18092438614247	0.644435432545559	0.6439
P177_AAVS1_peg28_CtoA	0.98201065052377	0.999999449729043	0.0593092220319334	0.328965134066952	0.81288
P178_AAVS1_peg28_CtoT	0.797283641371964	0.999999449729043	0.361534407939606	0.932509438409743	0.17292
P179_AAVS1_peg28_CtoG	0.873299583036701	0.999999449729043	0.291239819035777	0.846244002481315	0.28661
P18_MYC_Codon_peg18	0.00649756431752362	0.119793122417443	0.992158655833542	0.999998990089494	-2.156
P180_AAVS1_peg29_TtoA	0.650066244398895	0.999999449729043	0.680695838776893	0.999998990089494	-0.038483
P181_AAVS1_peg29_TtoC	0.940451487151442	0.999999449729043	0.205139338331491	0.698380738298885	0.52973
P182_AAVS1_peg29_TtoG	0.985536173538771	0.999999449729043	0.0815676435757218	0.398403154629179	0.83327
P183_AAVS1_peg30_TtoA	0.99595819119392	0.999999449729043	0.016228795474498	0.160328251140512	1.1144
P184_AAVS1_peg30_TtoC	0.873726076241537	0.999999449729043	0.337863293100303	0.907030871750897	0.36192
P185_AAVS1_peg30_TtoG	0.866721138175173	0.999999449729043	0.426870680703419	0.999998990089494	0.25779
P186_AAVS1_peg31_AtoT	0.0910714606021334	0.619285932094507	0.975325662561934	0.999998990089494	-1.0816
P187_AAVS1_peg31_AtoC	0.544984644972899	0.999999449729043	0.0499813111448779	0.295499154195442	0.53356
P188_AAVS1_peg31_AtoG	0.0248469670187775	0.291701164372912	0.908432229069506	0.999998990089494	-1.8636
P189_AAVS1_peg32_GtoA	0.994313703250655	0.999999449729043	0.00527168923422511	0.0913992212927242	1.614
P19_MYC_Codon_peg19	0.00091498175570766	0.0342203176634665	0.9962972241481	0.999998990089494	-3.2927
P190_AAVS1_peg32_GtoT	0.834473442528374	0.999999449729043	0.437562751464238	0.999998990089494	0.11681
P191_AAVS1_peg32_GtoC	0.719313399011468	0.999999449729043	0.640911458596254	0.999998990089494	0.069454
P192_AAVS1_peg33_CtoA	0.798137776428583	0.999999449729043	0.427435598650771	0.999998990089494	0.038683
P193_AAVS1_peg33_CtoT	0.947398817332625	0.999999449729043	0.235653983218102	0.757838991601227	0.40687
P194_AAVS1_peg33_CtoG	0.954766134536572	0.999999449729043	0.203879417424255	0.697379830249518	0.45619
P195_AAVS1_peg34_CtoA	0.841337855812827	0.999999449729043	0.305367759612694	0.861372250023374	0.20196
P196_AAVS1_peg34_CtoT	0.383368415091618	0.999999449729043	0.75436968022621	0.999998990089494	-0.77389
P197_AAVS1_peg34_CtoG	0.335260755798882	0.999999449729043	0.841469173391486	0.999998990089494	-0.15675
P198_AAVS1_peg35_CtoA	0.99996427889233	0.999999449729043	0.000119219060763877	0.016824544466063	1.7929
P199_AAVS1_peg35_CtoT	0.999004777133305	0.999999449729043	0.0106222343757243	0.126981778975554	1.1723
P2_MYC_Codon_peg2	0.862832895713024	0.999999449729043	0.286557639522142	0.837285602978758	0.32998
P20_MYC_Codon_peg20	0.00155074758393957	0.0464198307231564	0.998908672326906	0.999998990089494	-2.0837
P200_AAVS1_peg35_CtoG	0.905756647897902	0.999999449729043	0.272702489373739	0.819857834115541	0.48543
P201_AAVS1_peg36_CtoA	0.978482021327854	0.999999449729043	0.0806729957804526	0.396714473279136	0.62359
P202_AAVS1_peg36_CtoT	0.999742163557589	0.999999449729043	0.00171824814179275	0.0569414384204232	1.395
P203_AAVS1_peg36_CtoG	0.99846820692111	0.999999449729043	0.0164195405880618	0.160997592732381	1.1506
P204_AAVS1_peg37_GtoA	0.952078548536386	0.999999449729043	0.0643484662372158	0.344507739486771	0.92754
P205_AAVS1_peg37_GtoT	0.027002694161426	0.308703289583464	0.895684061140738	0.999998990089494	-1.3603
P206_AAVS1_peg37_GtoC	0.993354555414721	0.999999449729043	0.0282408838096729	0.208266574123166	1.0053
P207_AAVS1_peg38_TtoA	0.354129471503147	0.999999449729043	0.166834962474613	0.610019457763321	-0.12911
P208_AAVS1_peg38_TtoC	0.562603117597779	0.999999449729043	0.283577259449757	0.836041965359756	-0.14551
P209_AAVS1_peg38_TtoG	0.125550135616848	0.732049565801575	0.456962659317944	0.999998990089494	-0.73674
P21_MYC_Codon_peg21	0.887406365814775	0.999999449729043	0.0127646084087106	0.139240603391685	0.7158
P210_AAVS1_peg39_TtoA	0.857427577987014	0.999999449729043	0.235745151675571	0.757838991601227	0.12663
P211_AAVS1_peg39_TtoC	0.874370508072789	0.999999449729043	0.000194326553644336	0.0209712561398684	2.0876
P212_AAVS1_peg39_TtoG	0.983120424727047	0.999999449729043	0.0415603090044068	0.26733387954186	1.3173
P213_AAVS1_peg40_GtoA	0.928963740832947	0.999999449729043	0.102155458630591	0.455609864897592	0.6186
P214_AAVS1_peg40_GtoT	0.00802125882897916	0.143833257631969	0.988353690447714	0.999998990089494	-1.5312
P215_AAVS1_peg40_GtoC	0.147108789018646	0.809098339602554	0.930992779869417	0.999998990089494	-1.3715
P216_AAVS1_peg41_TtoA	0.00160966063805403	0.0473493432632072	0.955091390092878	0.999998990089494	-1.2471
P217_AAVS1_peg41_TtoC	0.0247394533878523	0.291701164372912	0.0313921746805034	0.223936548538305	-0.99605
P218_AAVS1_peg41_TtoG	7.41595139005534e-06	0.00323582678986081	0.999717167877557	0.999998990089494	-5.5787
P219_AAVS1_peg42_AtoT	0.57084513083011	0.999999449729043	0.617858693746541	0.999998990089494	0.22108
P22_MYC_Codon_peg22	0.0931274899309126	0.620414993719096	0.966899412220696	0.999998990089494	-1.0817
P220_AAVS1_peg42_AtoC	0.0818751697849067	0.587258067114755	0.956358865081738	0.999998990089494	-0.76765
P221_AAVS1_peg42_AtoG	0.317613591711432	0.999999449729043	0.793579713411602	0.999998990089494	-0.625
P222_AAVS1_peg43_AtoT	0.785524065717229	0.999999449729043	0.0880574815700845	0.417634939765364	0.58981
P223_AAVS1_peg43_AtoC	0.86958744530486	0.999999449729043	0.109017557620754	0.476474066529439	0.30674
P224_AAVS1_peg43_AtoG	0.17898424864826	0.900323598068553	0.196372176512108	0.681833366191908	-0.90529
P225_AAVS1_peg44_TtoA	0.726723451415439	0.999999449729043	0.620444890125386	0.999998990089494	-0.068029
P226_AAVS1_peg44_TtoC	0.531205289466977	0.999999449729043	0.756179367434023	0.999998990089494	-0.20007
P227_AAVS1_peg44_TtoG	0.939739540696113	0.999999449729043	0.148382454376113	0.566320576471311	0.74294
P228_AAVS1_peg45_GtoA	0.00526172769903045	0.101465316829157	0.780573571400835	0.999998990089494	-2.5058
P229_AAVS1_peg45_GtoT	0.120343848760619	0.711196830824605	0.851683633383346	0.999998990089494	-0.08136
P23_MYC_Codon_peg23	0.0162044772616394	0.228082373499849	0.98422698212885	0.999998990089494	-1.3247
P230_AAVS1_peg45_GtoC	0.626060984104335	0.999999449729043	0.118715659921704	0.495689948445009	0.83795
P231_AAVS1_peg46_CtoA	0.993258685564259	0.999999449729043	0.0432345103748821	0.276238993559089	0.81468
P232_AAVS1_peg46_CtoT	0.993196172719001	0.999999449729043	0.0603052989733521	0.332377416236286	0.8187
P233_AAVS1_peg46_CtoG	0.998855925521447	0.999999449729043	0.00783848766898551	0.111528047377196	1.2435
P234_AAVS1_peg47_AtoT	0.0175813161944648	0.242252030511099	0.990988780582372	0.999998990089494	-1.1123
P235_AAVS1_peg47_AtoC	0.631239581251088	0.999999449729043	0.630992140115631	0.999998990089494	0.0029438
P236_AAVS1_peg47_AtoG	0.0441980974883745	0.423848422068001	0.988273870792553	0.999998990089494	-1.8089
P237_AAVS1_peg48_CtoA	0.11698093340744	0.7025167559476	0.64019088603377	0.999998990089494	-0.14138
P238_AAVS1_peg48_CtoT	0.652838465814786	0.999999449729043	0.00917241092120677	0.119469511401589	1.1646
P239_AAVS1_peg48_CtoG	0.117455475980849	0.702913782216805	0.80982051522944	0.999998990089494	-1.0688
P24_MYC_Codon_peg24	0.0226587663712245	0.278500705914862	0.996374969958985	0.999998990089494	-1.7962
P240_AAVS1_peg49_CtoA	0.164484008544697	0.861238268740031	0.034106693579298	0.235200602131924	-0.29884
P241_AAVS1_peg49_CtoT	6.0320737172355e-05	0.00961206508489596	0.998675563905567	0.999998990089494	-3.8439
P242_AAVS1_peg49_CtoG	0.676967016673437	0.999999449729043	0.0461177006860018	0.284755048103662	0.34712
P243_AAVS1_peg50_CtoA	0.624144971180051	0.999999449729043	0.725823866713879	0.999998990089494	0.027488
P244_AAVS1_peg50_CtoT	0.560931775228729	0.999999449729043	0.564555516202514	0.999998990089494	-0.016589
P245_AAVS1_peg50_CtoG	0.585696492583518	0.999999449729043	0.68357835550218	0.999998990089494	-0.27271
P246_AAVS1_peg51_CtoA	0.830630216738217	0.999999449729043	0.0437977552857391	0.277830641389862	0.39383
P247_AAVS1_peg51_CtoT	0.47538677344293	0.999999449729043	0.747309248904507	0.999998990089494	-0.22964
P248_AAVS1_peg51_CtoG	0.177140308693302	0.900323598068553	0.882986898489952	0.999998990089494	-0.8052
P249_AAVS1_peg52_CtoA	0.998947374249272	0.999999449729043	0.00203662400647855	0.06134108048103	1.4957
P25_MYC_Codon_peg25	0.0245526589807579	0.290854575618209	0.931689678493086	0.999998990089494	-1.4089
P250_AAVS1_peg52_CtoT	0.982486754161412	0.999999449729043	0.0202154628619178	0.180013883579935	0.93675
P251_AAVS1_peg52_CtoG	0.967264342528077	0.999999449729043	0.0898442431906769	0.424570809879408	0.72643
P252_Non_target_peg1	0.96991882081993	0.999999449729043	0.145102357895842	0.557005825471135	0.58166
P253_Non_target_peg2	0.982172759834929	0.999999449729043	0.0223779871619825	0.187774264070737	0.7596
P254_Non_target_peg4	0.992955811348332	0.999999449729043	0.00901502415259872	0.118599664479917	0.96418
P255_Non_target_peg5	0.989092149253573	0.999999449729043	0.0177505912500252	0.166465322011062	0.94206
P256_Non_target_peg6	0.421052583553802	0.999999449729043	0.641277190203314	0.999998990089494	0.31389
P257_Non_target_peg7	0.995289216925456	0.999999449729043	0.0204021135557191	0.180433793715187	1.0489
P258_Non_target_peg8	0.999487878584844	0.999999449729043	0.00410529151680833	0.0852988348492398	1.2633
P259_Non_target_peg9	0.999834464838193	0.999999449729043	0.000248546596592502	0.0225220921322638	1.8807
P26_MYC_Codon_peg26	0.00306513576782407	0.0710134994704726	0.756388855023425	0.999998990089494	-2.4689
P260_Non_target_peg10	0.971124739445557	0.999999449729043	0.0702260509761344	0.364785320348254	0.7003
P261_Non_target_peg11	0.865680714097035	0.999999449729043	0.237848132205719	0.759373670871431	0.17437
P262_Non_target_peg12	0.999299731611275	0.999999449729043	0.00705970926497424	0.105638483684752	1.2404
P263_Non_target_peg13	0.999805295437874	0.999999449729043	0.00337866460521875	0.0762529649695059	1.2775
P264_Non_target_peg14	0.996222462526196	0.999999449729043	0.0151403321777754	0.154231088098895	1.1854
P265_Non_target_peg15	0.996472820765438	0.999999449729043	0.00605183817430798	0.0960224990323533	1.3719
P266_Non_target_peg16	0.653195541748559	0.999999449729043	0.33837222736569	0.907030871750897	-0.12468
P267_Non_target_peg17	0.997879163639391	0.999999449729043	0.00544070503655765	0.0918952631335995	1.1378
P268_Non_target_peg18	0.997404534256634	0.999999449729043	0.00599560165139483	0.0960224990323533	1.1665
P269_Non_target_peg19	0.766186695779944	0.999999449729043	0.154740103531294	0.581276410063855	0.66133
P27_MYC_Codon_peg27	0.0463336496500632	0.433219624228091	0.988846123756917	0.999998990089494	-1.0562
P270_Non_target_peg20	0.999982919594009	0.999999449729043	6.66672719778037e-05	0.0124667798598493	1.9717
P271_Non_target_peg21	0.991656971467198	0.999999449729043	0.0261850230789817	0.200917037321911	0.75097
P272_Non_target_peg22	0.998473499048863	0.999999449729043	0.0197650495104611	0.179048095565354	1.3244
P273_Non_target_peg23	0.967158680847135	0.999999449729043	0.0253018154769906	0.195398681176287	0.92266
P274_Non_target_peg24	0.978044669737191	0.999999449729043	0.0341391248319829	0.235200602131924	0.84476
P275_Non_target_peg25	0.999952736296894	0.999999449729043	0.000199084974730359	0.0209712561398684	2.0643
P276_Non_target_peg27	0.642394989114705	0.999999449729043	0.404951653306284	0.986198538005443	0.070289
P277_Non_target_peg28	0.999126892458876	0.999999449729043	0.00666660019054361	0.101471856388623	1.2798
P278_Non_target_peg29	0.999876737518093	0.999999449729043	0.000447560811404238	0.0316679514663863	1.5946
P279_Non_target_peg30	0.993652664958181	0.999999449729043	0.00272783233124337	0.0707199789268425	1.3604
P28_MYC_Codon_peg28	0.481771288623564	0.999999449729043	0.029352761368986	0.214054399064081	0.1132
P280_Non_target_peg31	0.99731832233869	0.999999449729043	0.0101000705240215	0.124175542003014	1.3304
P281_Non_target_peg32	0.973577604531658	0.999999449729043	0.108593721078116	0.475415320706534	0.66713
P282_Non_target_peg33	0.992709690850155	0.999999449729043	0.0167193971468501	0.162718891191278	1.0118
P283_Non_target_peg34	0.973613024980821	0.999999449729043	0.103846468855639	0.458864590802347	0.59373
P284_Non_target_peg35	0.997668417285195	0.999999449729043	0.00975403326404246	0.123362604276634	1.3008
P285_Non_target_peg36	0.996911521778974	0.999999449729043	0.0101028993302682	0.124175542003014	1.338
P286_Non_target_peg38	0.999542204439545	0.999999449729043	0.0027886469817592	0.0707199789268425	1.4532
P287_Non_target_peg39	0.7486630520024	0.999999449729043	0.582366211252418	0.999998990089494	0.043807
P288_Non_target_peg40	0.619494740881054	0.999999449729043	0.535791173829641	0.999998990089494	0.011033
P289_Non_target_peg41	0.995742802734643	0.999999449729043	0.0277328029755059	0.2061103276517	0.98339
P29_MYC_Codon_peg29	0.763813649828227	0.999999449729043	0.516642782443157	0.999998990089494	0.14575
P290_Non_target_peg42	0.999247184529121	0.999999449729043	0.00517628961412971	0.0913992212927242	1.3089
P291_Non_target_peg43	0.994636069683406	0.999999449729043	0.000446555452455804	0.0316679514663863	1.4201
P292_Non_target_peg44	0.910988214964083	0.999999449729043	0.247057870326127	0.781620062087938	0.41225
P293_Non_target_peg45	0.970024296645957	0.999999449729043	0.0573017169016639	0.319863315242124	0.80118
P294_Non_target_peg46	0.906808794361313	0.999999449729043	0.228117835486874	0.749325587584236	0.4709
P295_Non_target_peg47	0.980865709898905	0.999999449729043	0.0375452216359861	0.247800014081936	0.71321
P296_Non_target_peg48	0.218053093837503	0.982910442122914	0.276150802838221	0.825037894637929	-0.42227
P297_Non_target_peg49	0.999859251173584	0.999999449729043	0.00179545176055664	0.0572753557825902	1.5916
P298_Non_target_peg50	0.978773281596002	0.999999449729043	0.0448990429265759	0.281032867726735	0.8168
P299_Non_target_peg51	0.97358527349696	0.999999449729043	0.00592709255562703	0.0960224990323533	0.96339
P3_MYC_Codon_peg3	0.994806503940938	0.999999449729043	0.0226223029764305	0.188326214631315	0.98149
P30_MYC_Codon_peg30	0.146386038649188	0.809098339602554	0.392073927094639	0.96652499165138	-0.52776
P300_Non_target_peg52	0.979272421846239	0.999999449729043	0.0627133877295684	0.339924739287806	0.85584
P301_Non_target_peg53	0.959528715630605	0.999999449729043	0.0225674962172442	0.188326214631315	0.94767
P303_Non_target_peg55	0.814724633453213	0.999999449729043	0.415977802118977	0.999998990089494	0.13612
P304_Non_target_peg56	0.977542211583273	0.999999449729043	0.0206361572881417	0.180433793715187	0.89942
P305_Non_target_peg57	0.997949629026678	0.999999449729043	0.00923388011646091	0.119587804137986	1.2242
P306_Non_target_peg58	0.992030183795241	0.999999449729043	0.012614990185318	0.138764892038498	0.88808
P307_Non_target_peg59	0.983875629507214	0.999999449729043	0.0727097507641685	0.370878378081357	0.61675
P308_Non_target_peg60	0.984136007225691	0.999999449729043	0.0474322530654738	0.2881151705926	0.85022
P309_Non_target_peg61	0.998123944717366	0.999999449729043	0.00483089718548169	0.0884551319111493	1.1959
P31_MYC_Codon_peg31	0.0031315747134037	0.0719163385937796	0.995301313671941	0.999998990089494	-2.0819
P310_Non_target_peg62	0.998863094881075	0.999999449729043	0.00210874608223556	0.06134108048103	1.4226
P311_Non_target_peg63	0.997918974707361	0.999999449729043	0.00857647847238225	0.117556129008883	1.1118
P312_Non_target_peg64	0.937923367387965	0.999999449729043	0.0487276134602709	0.291919661416451	0.858
P313_Non_target_peg65	0.988582542649467	0.999999449729043	0.0847752413982988	0.407232260515131	0.74767
P314_Non_target_peg66	0.997038650266956	0.999999449729043	0.0144454031153088	0.150669583091149	1.146
P315_Non_target_peg67	0.952980859849017	0.999999449729043	0.233568932161518	0.75772424336909	0.47474
P316_Non_target_peg68	0.993357660211212	0.999999449729043	0.027844930119629	0.2061103276517	1.1872
P317_Non_target_peg69	0.976979510104553	0.999999449729043	0.0536610585306548	0.308751005538993	0.63464
P318_Non_target_peg70	0.975602196236164	0.999999449729043	0.0393150339606752	0.256036713704099	0.57518
P319_Non_target_peg71	0.988130878338484	0.999999449729043	0.050561870327001	0.295499154195442	0.84621
P32_MYC_Codon_peg32	0.0180811958579512	0.24526720599024	0.0659745929759195	0.350347838561779	-1.9815
P320_Non_target_peg72	0.991295287589086	0.999999449729043	0.0125624212284979	0.138764892038498	0.80677
P321_Non_target_peg73	0.994438743893272	0.999999449729043	0.0213827125298408	0.183590582634705	0.90434
P322_Non_target_peg75	0.999044926323533	0.999999449729043	0.00895237253875663	0.11837025912356	1.1518
P323_Non_target_peg76	0.993923249364464	0.999999449729043	0.0188728619612337	0.17336544777021	1.0269
P324_Non_target_peg77	0.225595393202411	0.990382058694277	1.08799528120399e-05	0.00569674329238407	3.0806
P325_Non_target_peg78	0.977040895064297	0.999999449729043	0.00305089264102926	0.0732774030661891	1.4658
P326_Non_target_peg79	0.945250058850677	0.999999449729043	0.0871726789203742	0.414941951660981	0.6683
P327_Non_target_peg80	0.706510733639398	0.999999449729043	0.0205206390873228	0.180433793715187	1.0898
P328_Non_target_peg81	0.999971756565027	0.999999449729043	0.000128529751459611	0.016824544466063	1.7688
P329_Non_target_peg82	0.999993081902673	0.999999449729043	1.66908543290056e-06	0.0043388200423653	3.3457
P33_MYC_Codon_peg33	0.174193684533623	0.893172968068107	0.958513577853327	0.999998990089494	-0.5857
P330_Non_target_peg83	0.999074600338812	0.999999449729043	0.0067621576155645	0.102331379407791	1.3136
P331_Non_target_peg84	0.84279977724775	0.999999449729043	0.102637566047511	0.456981544068681	0.25941
P332_Non_target_peg85	0.914228357037376	0.999999449729043	0.231730573113309	0.754576260489793	0.32485
P333_Non_target_peg86	0.989777018660645	0.999999449729043	0.0662148231334126	0.350911754986385	0.7651
P334_Non_target_peg87	0.108097546869502	0.678655582024836	0.00610090758201732	0.0962179280103696	0.24712
P335_Non_target_peg88	0.987431843129021	0.999999449729043	0.0220677514169374	0.187575887043968	0.81215
P336_Non_target_peg89	0.999924657899949	0.999999449729043	6.62921320453063e-06	0.0043388200423653	2.2789
P337_Non_target_peg90	0.997656069449022	0.999999449729043	0.0037826315634757	0.0829167201039219	1.4445
P338_Non_target_peg91	0.997823724290312	0.999999449729043	0.00428809940046417	0.0864944036951581	1.4171
P339_Non_target_peg92	0.999946827502169	0.999999449729043	0.00106203561105158	0.0454631016603581	1.7396
P34_MYC_Codon_peg34	0.220760288231207	0.983102064359032	0.363191800879339	0.933107099805799	-0.26544
P340_Non_target_peg93	0.999992660482698	0.999999449729043	3.60594478023858e-05	0.00858214857696781	2.1055
P341_Non_target_peg95	0.970260331453041	0.999999449729043	0.0850339847128	0.407727054904964	0.65443
P342_Non_target_peg96	0.713926316937985	0.999999449729043	0.302238871381453	0.861372250023374	0.52847
P343_Non_target_peg97	0.964598366302487	0.999999449729043	0.180408997421083	0.643475143390184	0.57994
P344_Non_target_peg98	0.997209783537258	0.999999449729043	0.00129194872770107	0.0484337867523954	1.7968
P345_Non_target_peg99	0.252044863737428	0.999999449729043	0.601665147428181	0.999998990089494	-0.40637
P346_Non_target_peg100	0.999752838629294	0.999999449729043	0.00135052193771003	0.0484337867523954	1.558
P347_Non_target_peg101	0.894674831463993	0.999999449729043	0.119323264314941	0.495854453930978	0.44237
P348_Non_target_peg102	0.997415605760987	0.999999449729043	0.0147690398429836	0.152325478134182	1.1404
P349_Non_target_peg103	0.995512081851955	0.999999449729043	0.0195509092169667	0.178342440174282	0.99248
P35_MYC_Codon_peg35	0.0121179130002396	0.191112627919442	0.993245077813777	0.999998990089494	-3.173
P350_Non_target_peg104	0.999897078041233	0.999999449729043	0.000682006904775745	0.0381113059617794	1.4909
P351_Non_target_peg105	0.649927416865241	0.999999449729043	0.156636529918976	0.586658705762346	0.72247
P352_Non_target_peg106	0.881401040152664	0.999999449729043	0.35175533942547	0.920671036538984	0.45863
P353_Non_target_peg107	0.997104945200636	0.999999449729043	0.000384364791653027	0.0314458445171132	1.8179
P354_Non_target_peg108	0.947812950365284	0.999999449729043	0.201358132476437	0.692714311200148	0.54412
P355_Non_target_peg109	0.691823506694486	0.999999449729043	0.26944628530272	0.815762526134232	0.11106
P356_Non_target_peg110	0.990000353554605	0.999999449729043	0.0147787133101919	0.152325478134182	0.92077
P357_Non_target_peg111	0.95777760205039	0.999999449729043	0.0346990805792918	0.236568210824442	1.1359
P358_Non_target_peg112	0.991712388616475	0.999999449729043	0.024111885842373	0.190709719442092	0.92107
P359_Non_target_peg113	0.869572465595899	0.999999449729043	0.0204039029196757	0.180433793715187	0.14743
P36_MYC_Codon_peg36	0.0237055457928275	0.286663991025563	0.537939101371801	0.999998990089494	-1.7207
P360_Non_target_peg114	0.999314232884238	0.999999449729043	0.00270626981047377	0.0707199789268425	1.6512
P361_Non_target_peg115	0.994847685560169	0.999999449729043	0.0103786056477667	0.125212855234346	1.1351
P362_Non_target_peg116	0.926902465487595	0.999999449729043	0.170756994796386	0.621754954627175	0.45846
P363_Non_target_peg117	0.999981717604416	0.999999449729043	3.57659438479665e-05	0.00858214857696781	2.3118
P364_Non_target_peg118	0.983075179462277	0.999999449729043	0.036428715843748	0.24205679715465	0.7573
P365_Non_target_peg119	0.901989367665329	0.999999449729043	0.348390093775269	0.916668608546385	0.37936
P366_Non_target_peg120	0.910490265650762	0.999999449729043	0.231313468216108	0.754576260489793	0.37846
P367_Non_target_peg121	0.990249623131751	0.999999449729043	0.0474138459863824	0.2881151705926	1.0427
P368_Non_target_peg122	0.999955392536416	0.999999449729043	0.000420102798503165	0.0316679514663863	1.5261
P369_Non_target_peg123	0.994636747693156	0.999999449729043	0.00927285112299889	0.119587804137986	1.0088
P37_MYC_Codon_peg37	0.00508337943588104	0.100820358811641	0.699720614410543	0.999998990089494	-1.8983
P370_Non_target_peg124	0.998069599847687	0.999999449729043	0.000419839546292851	0.0316679514663863	1.5929
P371_Non_target_peg125	0.991448830445668	0.999999449729043	0.011498787127414	0.134178331661796	0.82253
P372_Non_target_peg126	0.998657056353872	0.999999449729043	0.00109127219285671	0.0454631016603581	1.2079
P373_Non_target_peg127	0.712392442444546	0.999999449729043	0.0572436951435774	0.319863315242124	0.83983
P374_Non_target_peg128	0.942731884506016	0.999999449729043	0.257713994856207	0.794694038319846	0.51883
P375_Non_target_peg129	0.897889144226353	0.999999449729043	0.115199815077063	0.487226358435783	0.38376
P376_Non_target_peg130	0.919071967508276	0.999999449729043	0.00854496745136452	0.117556129008883	1.3723
P377_Non_target_peg131	0.998689669587849	0.999999449729043	0.00615671660489873	0.0965166710875741	1.2988
P378_Non_target_peg132	0.99997040875251	0.999999449729043	0.000249480776102234	0.0225220921322638	1.617
P379_Non_target_peg133	0.999481087995851	0.999999449729043	0.00386395716297879	0.0829167201039219	1.2219
P38_MYC_Codon_peg38	0.335284205596131	0.999999449729043	0.0540072429924687	0.309389413904339	0.35003
P380_Non_target_peg134	0.992502164372012	0.999999449729043	0.026246610681472	0.200917037321911	1.0045
P381_Non_target_peg135	0.292993483334964	0.999999449729043	0.641777102852317	0.999998990089494	-0.57891
P382_Non_target_peg136	0.354295578130275	0.999999449729043	0.860241929678152	0.999998990089494	-0.24434
P383_Non_target_peg137	0.999186005675819	0.999999449729043	0.00132080998054816	0.0484337867523954	1.4844
P384_Non_target_peg138	0.951268203158293	0.999999449729043	0.0243281540114981	0.191264586192498	1.0269
P385_Non_target_peg139	0.926825003405857	0.999999449729043	0.153078448071187	0.578047907731584	0.46562
P386_Non_target_peg140	0.997828863099173	0.999999449729043	0.000244046915117595	0.0225220921322638	1.4183
P387_Non_target_peg141	0.887719264965367	0.999999449729043	0.0440847791019047	0.277830641389862	0.9609
P388_Non_target_peg142	0.998590803546218	0.999999449729043	0.00909786855454705	0.119091099379021	1.4221
P389_Non_target_peg143	0.999834583891258	0.999999449729043	0.000115631339422789	0.016824544466063	1.8843
P39_MYC_Codon_peg39	0.718154592773787	0.999999449729043	0.25029517686715	0.782882644012184	0.070223
P390_Non_target_peg144	0.997082941409285	0.999999449729043	0.0045597574006824	0.0866397185784857	1.4044
P391_Non_target_peg145	0.784380267609017	0.999999449729043	0.253127104929091	0.786105291464246	0.31934
P392_Non_target_peg146	0.936939208580515	0.999999449729043	0.183997096202262	0.650752351122114	0.39943
P393_Non_target_peg147	0.999997958901124	0.999999449729043	2.77825773748048e-05	0.00808164306302656	2.3428
P394_Non_target_peg148	0.994611611295284	0.999999449729043	0.00585232402037242	0.0959023565824241	1.4329
P395_Non_target_peg149	0.99810678524468	0.999999449729043	0.000356940329649663	0.0301441865491231	1.7975
P396_Non_target_peg150	0.847047119346967	0.999999449729043	0.334189736889965	0.904804310066495	0.58959
P397_Non_target_peg151	0.996027666031295	0.999999449729043	0.0310255999396037	0.221926285906783	0.90582
P398_Non_target_peg152	0.999387649856974	0.999999449729043	0.00447693545988149	0.0866397185784857	1.1753
P399_Non_target_peg153	0.984420130227462	0.999999449729043	0.0510523549491475	0.296352694582856	0.76206
P4_MYC_Codon_peg4	0.00266541789896605	0.065830793014086	0.999259900641699	0.999998990089494	-1.9685
P40_MYC_Codon_peg40	0.332343663592613	0.999999449729043	0.00275140384505423	0.0707199789268425	1.3544
P400_Non_target_peg154	0.98135749968316	0.999999449729043	0.0669081961962848	0.351890445361766	0.69092
P401_Non_target_peg155	0.707839745646047	0.999999449729043	0.577523790018258	0.999998990089494	-0.040201
P402_Non_target_peg156	0.998249872720278	0.999999449729043	0.00565515329195112	0.0943005816454015	1.1273
P403_Non_target_peg157	0.98321487477208	0.999999449729043	0.023430949379379	0.188326214631315	0.72499
P404_Non_target_peg158	0.965521433683155	0.999999449729043	0.00503300426197547	0.0908717597093226	1.8389
P405_Non_target_peg159	0.992532471757745	0.999999449729043	0.0267425147162943	0.202346541986297	0.90896
P406_Non_target_peg160	0.98494633774684	0.999999449729043	0.0620028193889972	0.338173710750822	0.80581
P407_Non_target_peg161	0.999854331156724	0.999999449729043	0.000708935336961641	0.0381113059617794	1.44
P408_Non_target_peg162	0.993871928825794	0.999999449729043	0.00582022924391847	0.0959023565824241	1.1079
P409_Non_target_peg163	0.999254541135502	0.999999449729043	0.00524514321455032	0.0913992212927242	1.416
P41_MYC_Codon_peg41	0.965624935073047	0.999999449729043	0.111612035249742	0.481869659428904	0.75806
P410_Non_target_peg164	0.994938637369092	0.999999449729043	0.00862637397431039	0.117624203462211	0.95738
P411_Non_target_peg165	0.945637319899742	0.999999449729043	0.0475804466491376	0.288346317887598	0.88465
P412_Non_target_peg166	0.999054701334851	0.999999449729043	0.00385731827657781	0.0829167201039219	1.6302
P413_Non_target_peg167	0.999867433904503	0.999999449729043	0.000835769488339406	0.042077779239857	1.4725
P414_Non_target_peg168	0.961592652057845	0.999999449729043	0.0464252856672966	0.285308445720616	0.81952
P415_Non_target_peg169	0.993859163160404	0.999999449729043	0.01649429433629	0.161127099150773	1.0416
P416_Non_target_peg170	0.989592635582419	0.999999449729043	0.0115317511932407	0.134178331661796	1.054
P417_Non_target_peg171	0.919535533900595	0.999999449729043	0.00646292934133107	0.100118041512454	1.133
P418_Non_target_peg172	0.994797591670796	0.999999449729043	0.00519744850632268	0.0913992212927242	1.0421
P419_Non_target_peg173	0.264347333194692	0.999999449729043	0.625026489809058	0.999998990089494	0.33627
P42_MYC_Codon_peg42	0.156313702341191	0.843771696348944	0.478988820498527	0.999998990089494	-0.26491
P420_Non_target_peg174	0.991662531715767	0.999999449729043	0.0173745966452286	0.165450863953697	0.87415
P421_Non_target_peg175	0.997705444957442	0.999999449729043	0.0086866222712703	0.117832005731532	1.1562
P422_Non_target_peg176	0.989218998993186	0.999999449729043	0.00144651012894551	0.0504928469010578	1.7527
P423_Non_target_peg177	0.96213526393685	0.999999449729043	0.172105048222268	0.623196426342874	0.8037
P424_Non_target_peg178	0.999348987443198	0.999999449729043	0.00426943437092405	0.0864944036951581	1.4629
P425_Non_target_peg179	0.999388196727204	0.999999449729043	0.00654811068713766	0.10084090458192	1.3316
P426_Non_target_peg180	0.935271667423188	0.999999449729043	0.0564398936651345	0.318447503481298	0.44885
P427_Non_target_peg181	0.998430938148897	0.999999449729043	0.00395171870724213	0.0841105656549585	1.1343
P428_Non_target_peg182	0.999866762841076	0.999999449729043	0.000198637358531972	0.0209712561398684	1.9132
P429_Non_target_peg183	0.988982303839446	0.999999449729043	0.00438284086186573	0.0864944036951581	1.5749
P43_MYC_Codon_peg43	0.912693710632237	0.999999449729043	0.236843304581346	0.757838991601227	0.49809
P430_Non_target_peg184	0.999995109030629	0.999999449729043	2.68424652817659e-05	0.00808164306302656	2.4474
P431_Non_target_peg185	0.997223289337877	0.999999449729043	0.0177261591496955	0.166465322011062	1.1503
P432_Non_target_peg186	0.998926225111857	0.999999449729043	0.00832401193206616	0.117004409695879	1.1818
P433_Non_target_peg187	0.997980509729298	0.999999449729043	0.00278266636681771	0.0707199789268425	1.141
P434_Non_target_peg188	0.993747629324782	0.999999449729043	0.0131885914879972	0.141507100473675	0.76968
P435_Non_target_peg189	0.997259276536261	0.999999449729043	0.0124381017557426	0.138764892038498	1.0547
P436_Non_target_peg190	0.997950451232069	0.999999449729043	0.0052161448580337	0.0913992212927242	1.2442
P437_Non_target_peg191	0.997500672307483	0.999999449729043	0.0111601587520253	0.132204957523992	0.92139
P438_Non_target_peg192	0.999099455399773	0.999999449729043	0.00281725000333333	0.0707199789268425	1.1486
P439_Non_target_peg193	0.998444390435847	0.999999449729043	0.00213452531490939	0.061393430448024	1.4207
P44_MYC_Codon_peg44	0.425759630564872	0.999999449729043	0.860593376632751	0.999998990089494	-0.44887
P440_Non_target_peg194	0.991987121080663	0.999999449729043	0.0256004085653359	0.197123145953086	0.85283
P441_Non_target_peg195	0.252809502599515	0.999999449729043	0.834279853541359	0.999998990089494	-0.42434
P442_Non_target_peg196	0.999568734553241	0.999999449729043	0.0033747684430288	0.0762529649695059	1.2184
P443_Non_target_peg197	0.994020432272107	0.999999449729043	0.0236659615772464	0.188326214631315	0.8186
P444_Non_target_peg198	0.890448576070712	0.999999449729043	0.177371404228882	0.636572001529236	0.4725
P445_Non_target_peg199	0.994397096571702	0.999999449729043	0.00586110659021691	0.0959023565824241	1.1913
P446_Non_target_peg200	0.925674699061755	0.999999449729043	0.0566921880697607	0.319183114766953	0.82828
P447_Non_target_peg201	0.998000915466306	0.999999449729043	0.00057570728647346	0.0380571771983592	1.6403
P448_Non_target_peg202	0.969095531886414	0.999999449729043	0.0745829072619659	0.376219751853231	0.89858
P449_Non_target_peg203	0.998106603682687	0.999999449729043	0.00101456270000103	0.0454631016603581	1.3219
P450_Non_target_peg204	0.72699774320089	0.999999449729043	0.22370590612239	0.740407158316583	0.77327
P451_Non_target_peg205	0.99996779800171	0.999999449729043	0.000639616423501835	0.0380571771983592	1.6278
P452_Non_target_peg206	0.775855593800372	0.999999449729043	0.430779463361988	0.999998990089494	0.12739
P453_Non_target_peg207	0.944481604607566	0.999999449729043	0.144632221506233	0.556153529223488	0.73144
P454_Non_target_peg208	0.982652904392002	0.999999449729043	0.0490901057779821	0.293419855997163	0.90455
P455_Non_target_peg209	0.898893533340231	0.999999449729043	0.0240965654473466	0.190709719442092	1.2251
P456_Non_target_peg210	0.996993442524615	0.999999449729043	0.0199728218142655	0.179071395581325	0.93388
P457_Non_target_peg211	0.891387871586238	0.999999449729043	0.0602900440364719	0.332377416236286	0.77844
P458_Non_target_peg212	0.983696310753418	0.999999449729043	0.0328255812895268	0.230395098702362	0.79729
P459_Non_target_peg213	0.999369578389435	0.999999449729043	0.00438639944035946	0.0864944036951581	1.4127
P460_Non_target_peg214	0.990895672051764	0.999999449729043	0.0273095746300225	0.204860935190254	0.82633
P461_Non_target_peg215	0.998950535990712	0.999999449729043	0.00215744675371207	0.061393430448024	1.1862
P462_Non_target_peg216	0.99738438955579	0.999999449729043	0.010065131509787	0.124175542003014	1.0066
P463_Non_target_peg217	0.421022112635559	0.999999449729043	0.307586986384404	0.864015805101254	-0.51851
P464_Non_target_peg218	0.998617296404972	0.999999449729043	0.00939294540263539	0.120542799333821	1.0547
P465_Non_target_peg219	0.981852663804791	0.999999449729043	0.0181164485358745	0.168785986715016	0.73196
P466_Non_target_peg220	0.959040268308963	0.999999449729043	0.153036283344429	0.578047907731584	0.60092
P467_Non_target_peg221	0.999725796351121	0.999999449729043	0.00407032861858212	0.0852489625875839	1.2308
P468_Non_target_peg222	0.998164752458876	0.999999449729043	0.00969883166658385	0.123362604276634	1.1039
P469_Non_target_peg223	0.975268568761915	0.999999449729043	0.0278697692852184	0.2061103276517	1.153
P470_Non_target_peg224	0.986223154280919	0.999999449729043	0.040935555907201	0.264615519419882	0.855
P471_Non_target_peg225	0.974296653167648	0.999999449729043	0.0669371435409319	0.351890445361766	0.5424
P472_Non_target_peg226	0.802846391556674	0.999999449729043	0.153532746801914	0.578343498025052	0.65206
P473_Non_target_peg227	0.915814994570044	0.999999449729043	0.0905720415252757	0.425704855858477	0.69258
P474_Non_target_peg228	0.915377897745062	0.999999449729043	0.264624987129134	0.807186171851114	0.31386
P475_Non_target_peg229	0.998408464656862	0.999999449729043	0.00293258459296237	0.0717523968633224	1.4547
P476_Non_target_peg230	0.999907797060039	0.999999449729043	0.000589633088268552	0.0380571771983592	1.3898
P477_Non_target_peg231	0.999087381299691	0.999999449729043	0.00020026027635474	0.0209712561398684	1.8768
P478_Non_target_peg232	0.999793987371613	0.999999449729043	0.000883876230146385	0.0436601503872309	1.3926
P479_Non_target_peg233	0.994747929157785	0.999999449729043	0.0414086972967478	0.267014703258339	0.82781
P48_MYC_Codon_peg48	0.606803278554486	0.999999449729043	0.336619404453841	0.905724152990911	-0.19976
P480_Non_target_peg234	0.999753481718352	0.999999449729043	0.000742428038216482	0.0381113059617794	1.3849
P481_Non_target_peg235	0.968756874272937	0.999999449729043	0.0781861491063049	0.387672989318762	0.68552
P482_Non_target_peg236	0.993090129624505	0.999999449729043	0.00314672756182144	0.0741903628488559	1.2429
P483_Non_target_peg237	0.980116938259852	0.999999449729043	0.0337556600224791	0.234409331402786	0.98269
P484_Non_target_peg238	0.999927785158582	0.999999449729043	0.00133572505859701	0.0484337867523954	1.5429
P485_Non_target_peg239	0.935590069859076	0.999999449729043	0.0632352537977568	0.341622605179778	0.63572
P486_Non_target_peg240	0.999986476690727	0.999999449729043	8.48208617554578e-05	0.0138788135047368	1.8833
P487_Non_target_peg241	0.991991424817882	0.999999449729043	0.0269645793736723	0.203438814986381	0.99928
P488_Non_target_peg242	0.990088141005336	0.999999449729043	0.0302528401929639	0.217587735234009	0.81887
P489_Non_target_peg243	0.986416615746941	0.999999449729043	0.0980838594479995	0.445804763949414	0.75742
P49_MYC_Codon_peg49	0.87386017944902	0.999999449729043	0.139662349589456	0.550111787912861	0.6444
P490_Non_target_peg244	0.991692854196746	0.999999449729043	0.0251331414240546	0.194670308426553	0.93149
P491_Non_target_peg245	0.996370532033299	0.999999449729043	0.00224163472119922	0.0631032225817156	1.0432
P492_Non_target_peg246	0.997178967677971	0.999999449729043	0.00168553509733541	0.0565734728823604	1.2359
P493_Non_target_peg247	0.99858865158779	0.999999449729043	0.0211280497594197	0.182551928284359	0.89217
P494_Non_target_peg248	0.987869741720124	0.999999449729043	0.033577809705052	0.233794430339963	0.81803
P495_Non_target_peg249	0.999593299870334	0.999999449729043	0.00416334241029607	0.0858238616547646	1.101
P496_Non_target_peg250	0.935145739953308	0.999999449729043	0.0694240370928848	0.362778700816711	0.58644
P5_MYC_Codon_peg5	0.456137941230986	0.999999449729043	0.787492574271312	0.999998990089494	-0.27298
P50_MYC_Codon_peg50	0.00435632392406704	0.090978577706999	0.924564898899558	0.999998990089494	-3.4417
P51_MYC_Codon_peg51	0.159420699194948	0.851243055098985	0.487839267958182	0.999998990089494	-0.38505
P52_MYC_Codon_peg52	0.0115817580490551	0.185217761951475	0.979781114863491	0.999998990089494	-1.9298
P53_MYC_Codon_peg53	0.00253882363695364	0.0645239888707927	0.994034826763304	0.999998990089494	-2.5476
P54_MYC_Codon_peg54	0.426500634839106	0.999999449729043	0.359512819882932	0.928209627666191	-0.27982
P55_MYC_Codon_peg55	0.809149396866753	0.999999449729043	0.147889536189289	0.56604503763678	0.22499
P56_MYC_Codon_peg56	0.210849049573052	0.96996292836356	0.914142152158582	0.999998990089494	-0.73103
P57_MYC_Codon_peg57	0.0477392872065115	0.440709948163011	0.983654341226846	0.999998990089494	-0.9676
P58_MYC_Codon_peg58	0.560589020862678	0.999999449729043	0.65665029585935	0.999998990089494	0.21022
P59_MYC_Codon_peg59	0.941573730025227	0.999999449729043	0.208621647456222	0.707476001347654	0.4943
P6_MYC_Codon_peg6	0.0199737966696685	0.259026907240179	0.94552047765867	0.999998990089494	-1.3401
P60_MYC_Codon_peg60	0.949445603571826	0.999999449729043	0.00517025999558207	0.0913992212927242	1.6472
P61_MYC_Codon_peg61	0.547510444493198	0.999999449729043	0.41462626369906	0.998612289203439	0.21924
P62_MYC_Codon_peg62	0.988547339375892	0.999999449729043	0.0174952936685754	0.165951734870762	1.3706
P63_MYC_Codon_peg63	0.932239374474076	0.999999449729043	0.297361331373728	0.857122620303741	0.64328
P64_MYC_Codon_peg64	5.2673444644996e-05	0.00961206508489596	0.980504347566225	0.999998990089494	-6.0075
P65_MYC_Codon_peg65	3.25739957571512e-06	0.00213196802230554	0.999967236418227	0.999998990089494	-7.1035
P66_MYC_Codon_peg66	0.564700111385732	0.999999449729043	0.504019178581909	0.999998990089494	-0.18394
P67_MYC_Codon_peg67	0.485710704550006	0.999999449729043	0.125609984672589	0.516445992654457	0.33199
P68_MYC_Codon_peg68	0.994817040194778	0.999999449729043	0.035875151850896	0.23898510825864	0.81602
P69_MYC_Codon_peg69	0.365392557519502	0.999999449729043	0.861720237469281	0.999998990089494	-0.50511
P7_MYC_Codon_peg7	9.33981232020838e-07	0.00213196802230554	0.999987059964479	0.999998990089494	-7.3652
P70_MYC_Codon_peg70	0.9993497054569	0.999999449729043	0.00622508036906547	0.097007502417937	1.085
P71_MYC_Codon_peg71	0.622040211362723	0.999999449729043	0.0441472676922012	0.277830641389862	1.1982
P72_MYC_Codon_peg72	0.110819088582984	0.686197499143386	0.853192923118877	0.999998990089494	-1.0135
P73_MYC_Codon_peg73	0.879747985692485	0.999999449729043	0.0132504837578153	0.141590883583512	0.51615
P74_MYC_Codon_peg74	0.874533919347754	0.999999449729043	0.0714245190784909	0.367021773028413	0.77691
P75_MYC_Codon_peg75	0.999991607974703	0.999999449729043	1.7659025741142e-05	0.00670828592657847	2.1235
P76_MYC_Codon_peg76	0.99796475871062	0.999999449729043	0.000742149788223548	0.0381113059617794	1.7901
P77_MYC_Codon_peg77	0.999228527814923	0.999999449729043	0.00261717643470704	0.0706949515661949	1.4191
P78_MYC_Codon_peg78	0.93794342648111	0.999999449729043	0.118228210652802	0.495234328782459	0.60475
P79_MYC_Codon_peg79	0.681165151154252	0.999999449729043	0.137575166488792	0.544889237318694	0.24615
P8_MYC_Codon_peg8	4.66607312555544e-05	0.00939675341746472	0.998255670767969	0.999998990089494	-3.5472
P80_MYC_Codon_peg80	0.270352261450417	0.999999449729043	0.561625337895787	0.999998990089494	-0.34945
P81_MYC_Codon_peg81	0.849434286138312	0.999999449729043	0.160512288694886	0.591860805356636	0.11456
P82_MYC_Codon_peg82	0.871780299280519	0.999999449729043	0.385426654512947	0.963750698677074	0.20478
P83_MYC_Codon_peg83	0.979197432511326	0.999999449729043	0.0218322563654002	0.186651940149415	1.2156
P84_MYC_Codon_peg84	0.684824348819954	0.999999449729043	0.389017444242232	0.966287960282836	-0.0087859
P86_MYC_Codon_peg86	0.923167127877632	0.999999449729043	0.00196483715405154	0.0605169843447876	1.5795
P87_MYC_Codon_peg87	0.605445497178899	0.999999449729043	0.595981077344069	0.999998990089494	0.089926
P88_MYC_Codon_peg88	0.92202623684452	0.999999449729043	0.0942840815105385	0.434912516035786	0.3956
P89_MYC_Codon_peg89	0.999686481738092	0.999999449729043	0.00358423127411539	0.0800896446677825	1.0883
P9_MYC_Codon_peg9	0.914692013048019	0.999999449729043	0.137001717395786	0.543560597011651	0.68205
P90_MYC_Codon_peg90	0.365593105260989	0.999999449729043	0.827909287746998	0.999998990089494	-0.40767
P91_MYC_Codon_peg91	0.991221544974323	0.999999449729043	0.031958228515984	0.226292254597194	0.88959
P92_MYC_Codon_peg92	0.981592932167538	0.999999449729043	0.0718872301027288	0.367579625798719	0.8376
P93_MYC_Codon_peg93	0.998824101855806	0.999999449729043	0.00710174680233629	0.105638483684752	1.2464
P94_MYC_Codon_peg94	0.998515247508682	0.999999449729043	0.00537216321726961	0.0918952631335995	1.178
P95_MYC_Codon_peg95	0.997354401081437	0.999999449729043	0.00109403185813696	0.0454631016603581	1.2905
P96_MYC_Codon_peg96	0.998872190874367	0.999999449729043	0.00483158283548295	0.0884551319111493	1.3144
P97_MYC_Codon_peg97	0.996347570394336	0.999999449729043	0.0102923198539105	0.125212855234346	1.2517
P98_MYC_Codon_peg98	0.574761817329595	0.999999449729043	0.419158594311503	0.999998990089494	-0.038746
P99_AAVS1_peg1_CtoA	0.997531436846703	0.999999449729043	0.0118438653634635	0.135402792670512	1.171
